RecordID,Park,Animal,Visitors,TempC,RainfallMM,Season,Detected,ModelScore,VisitDate
1,Kibale,Elephant,32,30.6,125,Dry,Yes,0.86,12/12/2024
2,Kibale,Leopard,64,28,16,Dry,Yes,0.61,9/15/2024
3,Lake Mburo,Elephant,307,21.4,279,Wet,Yes,0.72,5/22/2024
4,Mgahinga,Chimpanzee,23,30.9,81,Wet,No,0.64,4/20/2024
5,Mgahinga,Gorilla,72,19.6,49,Wet,No,0.8,1/23/2024
6,Kibale,Buffalo,294,20.1,193,Dry,No,0.91,11/12/2024
7,Mgahinga,Gorilla,315,21.3,35,Dry,Yes,0.88,2/10/2024
8,Mgahinga,Lion,463,19.7,142,Wet,No,0.58,6/30/2024
9,Queen Elizabeth,Hippo,156,29.9,36,Dry,Yes,0.58,7/13/2024
10,Kidepo,Hippo,372,27.5,166,Dry,Yes,0.9,6/10/2024
11,Bwindi,,53,21.6,290,Wet,Yes,0.82,7/21/2024
12,Kibale,Buffalo,93,22.5,126,Wet,No,0.94,7/23/2024
13,Kidepo,Lion,90,26.7,46,Dry,Yes,0.57,3/22/2024
14,Mgahinga,Hippo,236,28.1,197,Wet,No,0.76,10/10/2024
15,Mgahinga,Elephant,368,30.3,274,Wet,No,0.55,8/10/2024
16,Queen Elizabeth,Buffalo,21,34.2,134,Dry,Yes,0.93,6/1/2024
17,Mgahinga,Hippo,279,28.4,78,Wet,Yes,0.76,9/28/2024
18,Murchison Falls,Leopard,185,26.3,57,Wet,No,0.62,5/3/2024
19,Lake Mburo,Elephant,63,30.4,35,Dry,Yes,0.82,10/8/2024
20,Queen Elizabeth,Gorilla,290,32.8,216,Dry,Yes,0.85,7/23/2024
21,Kibale,Hippo,many,25.4,264,Wet,Yes,0.62,2/2/2024
22,Kidepo,Elephant,321,27.4,112,Dry,Yes,0.85,1/31/2024
23,Queen Elizabeth,Elephant,483,18.5,169,Dry,Yes,0.64,9/5/2024
24,Queen Elizabeth,Leopard,87,30.3,292,Wet,Yes,0.88,7/27/2024
25,Queen Elizabeth,Elephant,69,29.2,181,Wet,No,0.73,1/28/2024
26,Kibale,Hippo,350,19.7,206,Wet,Yes,0.62,4/7/2024
27,Lake Mburo,Buffalo,91,25.2,142,Wet,Yes,0.93,2/8/2024
28,Bwindi,Chimpanzee,461,32.6,50,Dry,Yes,0.97,5/1/2024
29,Queen Elizabeth,Buffalo,268,26.2,205,Dry,Yes,0.69,7/18/2024
30,Kidepo,Chimpanzee,421,25.7,216,Wet,Yes,0.59,4/21/2024
31,Murchison Falls,Leopard,396,27.2,160,Dry,Yes,0.79,9/14/2024
32,Mgahinga,Leopard,100,19,260,Dry,Yes,0.53,2/4/2024
33,Kibale,Chimpanzee,140,24.9,291,Dry,Yes,0.8,8/2/2024
34,Kibale,Leopard,309,26.9,133,Dry,No,0.62,7/21/2024
35,Queen Elizabeth,Hippo,350,23.1,161,Dry,Yes,0.72,10/15/2024
36,Murchison Falls,Elephant,295,21.6,135,Dry,No,0.93,5/5/2024
37,Kidepo,Gorilla,100,25.4,278,Wet,Yes,0.83,10/10/2024
38,Kidepo,Hippo,73,34,68,Wet,Yes,0.94,10/10/2024
39,Queen Elizabeth,Gorilla,164,28.3,175,Dry,No,0.75,5/8/2024
40,Mgahinga,Elephant,67,28.8,141,Dry,Yes,0.66,3/7/2024
41,Kibale,Gorilla,102,hot,282,Wet,Yes,0.55,12/19/2024
42,Queen Elizabeth,Leopard,38,32.2,298,Dry,No,0.56,6/6/2024
43,Kidepo,Chimpanzee,460,18.7,183,Dry,Yes,0.83,6/30/2024
44,Mgahinga,Leopard,472,32.9,79,Dry,Yes,0.98,3/31/2024
45,Bwindi,Elephant,111,30.5,170,Wet,Yes,0.63,12/25/2024
46,Murchison Falls,Buffalo,466,18.7,240,Dry,Yes,0.9,8/23/2024
47,Kidepo,Gorilla,440,31.5,116,Dry,Yes,0.82,7/23/2024
48,Kidepo,Gorilla,462,19.2,142,Wet,No,0.83,10/1/2024
49,Kidepo,Elephant,79,32.9,133,Dry,No,0.52,11/1/2024
50,Bwindi,Gorilla,393,31.4,223,Dry,No,0.94,4/7/2024
51,Kidepo,Elephant,382,25.4,266,Dry,No,0.71,12/6/2024
52,Kidepo,Leopard,180,29.3,63,Wet,No,0.83,6/16/2024
53,Bwindi,Hippo,171,27.4,98,Wet,No,0.83,3/30/2024
54,Lake Mburo,Leopard,174,24.9,0,Wet,No,0.6,10/23/2024
55,Lake Mburo,Hippo,184,25.9,226,Dry,No,0.89,3/27/2024
56,Kibale,Elephant,165,26.8,171,Dry,Yes,0.83,4/25/2024
57,Mgahinga,Lion,95,18.4,125,Wet,Yes,0.72,11/18/2024
58,Lake Mburo,Lion,387,29.8,253,Wet,Yes,0.57,12/18/2024
59,Murchison Falls,Chimpanzee,460,31.1,54,Wet,Yes,0.59,12/22/2024
60,Lake Mburo,Buffalo,45,27.5,62,Wet,Yes,0.89,12/7/2024
61,Lake Mburo,Leopard,324,23.4,226,Summer,No,0.94,8/31/2024
62,Bwindi,Gorilla,404,22.2,141,Wet,Yes,0.63,2/9/2024
63,Kibale,Gorilla,140,22.6,163,Dry,Yes,0.57,7/15/2024
64,Kibale,Lion,381,21.6,212,Wet,No,0.77,7/31/2024
65,Murchison Falls,Lion,446,25.1,299,Dry,No,0.73,6/29/2024
66,Kidepo,Chimpanzee,219,32.5,214,Dry,No,0.61,8/11/2024
67,Bwindi,Elephant,219,23.7,207,Dry,No,0.95,11/14/2024
68,Lake Mburo,Elephant,484,24.7,288,Dry,Yes,0.81,3/10/2024
69,Mgahinga,Buffalo,113,18.9,194,Wet,Yes,0.72,6/21/2024
70,Mgahinga,Buffalo,162,30.8,215,Wet,Yes,0.73,10/3/2024
71,Murchison Falls,Gorilla,134,29.1,20,Dry,Yes,0.6,1/11/2024
72,Lake Mburo,Lion,142,20.1,58,Dry,No,0.84,7/7/2024
73,Queen Elizabeth,Leopard,330,34.4,58,Dry,No,0.55,1/14/2024
74,Kidepo,Leopard,366,33.4,192,Wet,Yes,0.54,12/19/2024
75,Mgahinga,Hippo,144,19.7,154,Dry,Yes,0.67,8/7/2024
76,Kibale,Gorilla,55,26.6,174,Dry,No,0.9,2/24/2024
77,Bwindi,Gorilla,345,33.2,235,Dry,No,0.59,9/24/2024
78,Kibale,Gorilla,335,31.7,275,Wet,No,0.71,10/30/2024
79,Kidepo,Gorilla,456,22.2,44,Wet,No,0.62,8/25/2024
80,Lake Mburo,Leopard,362,24.4,14,Wet,No,0.59,4/18/2024
81,Kidepo,Chimpanzee,152,23.8,141,Dry,Maybe,0.54,7/27/2024
82,Bwindi,Leopard,408,22.1,243,Wet,No,0.89,2/17/2024
83,Kidepo,Lion,227,29.8,156,Wet,No,0.77,6/25/2024
84,Bwindi,Hippo,301,23.6,232,Wet,No,0.62,3/2/2024
85,Kibale,Lion,181,20,274,Dry,Yes,0.61,9/4/2024
86,Kidepo,Hippo,321,34.6,268,Wet,Yes,0.91,5/31/2024
87,Queen Elizabeth,Gorilla,111,23.1,273,Dry,No,0.52,1/28/2024
88,Lake Mburo,Gorilla,377,34,251,Dry,Yes,0.78,8/28/2024
89,Bwindi,Buffalo,194,21.1,26,Wet,No,0.56,2/3/2024
90,Bwindi,Buffalo,57,27.8,27,Dry,Yes,0.9,6/4/2024
91,Murchison Falls,Lion,80,27.5,213,Dry,No,0.72,8/14/2024
92,Kidepo,Chimpanzee,321,34.8,156,Dry,Yes,0.96,4/16/2024
93,Kibale,Lion,155,29.2,80,Dry,Yes,0.77,3/21/2024
94,Murchison Falls,Buffalo,250,29.7,240,Wet,Yes,0.61,12/27/2024
95,Kidepo,Hippo,460,25.7,119,Wet,Yes,0.71,10/5/2024
96,Queen Elizabeth,Hippo,96,33.4,72,Dry,Yes,0.58,6/6/2024
97,Lake Mburo,Hippo,442,27.7,147,Wet,Yes,0.73,6/4/2024
98,Kibale,Buffalo,159,26.5,252,Wet,Yes,0.79,8/9/2024
99,Kibale,Gorilla,329,22.3,46,Dry,Yes,0.99,12/10/2024
100,Mgahinga,Gorilla,315,18.7,89,Wet,No,0.95,4/2/2024
101,Lake Mburo,Buffalo,345,31.8,46,Wet,No,1.5,6/13/2024
102,Kibale,Elephant,459,20.7,210,Wet,No,0.82,7/24/2024
103,Mgahinga,Chimpanzee,301,18.6,45,Wet,No,0.66,7/25/2024
104,Mgahinga,Leopard,442,34.8,277,Wet,No,0.53,9/22/2024
105,Kidepo,Leopard,407,26.5,226,Dry,Yes,0.63,3/8/2024
106,Kidepo,Buffalo,470,29.9,62,Dry,Yes,0.85,6/8/2024
107,Lake Mburo,Elephant,302,24.9,115,Dry,No,0.96,11/27/2024
108,Mgahinga,Lion,275,33.9,149,Wet,No,0.91,8/29/2024
109,Queen Elizabeth,Buffalo,302,20.5,97,Dry,Yes,0.64,7/31/2024
110,Kidepo,Chimpanzee,279,22.5,1,Wet,No,0.91,10/23/2024
111,Kibale,Buffalo,463,20.5,275,Wet,No,0.66,10/5/2024
112,Bwindi,Buffalo,497,23.5,96,Dry,No,0.61,7/29/2024
113,Murchison Falls,Gorilla,401,26,195,Wet,Yes,0.74,1/19/2024
114,Queen Elizabeth,Leopard,322,23.6,51,Wet,Yes,0.76,8/21/2024
115,Murchison Falls,Hippo,93,25,79,Dry,No,0.88,5/15/2024
116,Kidepo,Leopard,374,24.8,41,Wet,No,0.97,11/16/2024
117,Kibale,Chimpanzee,269,32.8,18,Dry,Yes,0.81,5/27/2024
118,Queen Elizabeth,Hippo,66,25.4,50,Dry,No,0.58,6/2/2024
119,Murchison Falls,Elephant,186,31.5,150,Wet,No,0.71,5/5/2024
120,Lake Mburo,Buffalo,309,29.6,92,Dry,Yes,0.54,7/14/2024
121,UnknownPark,Hippo,143,26.5,298,Dry,Yes,0.73,5/10/2024
122,Bwindi,Gorilla,361,18.2,238,Wet,Yes,0.54,6/25/2024
123,Lake Mburo,Gorilla,347,34.4,128,Wet,No,0.6,7/15/2024
124,Mgahinga,Buffalo,74,22,292,Wet,No,0.99,5/31/2024
125,Murchison Falls,Chimpanzee,357,24.7,4,Dry,No,0.91,5/26/2024
126,Mgahinga,Chimpanzee,137,28.3,180,Dry,Yes,0.8,12/13/2024
127,Mgahinga,Hippo,412,29.2,70,Dry,Yes,0.65,8/13/2024
128,Murchison Falls,Leopard,206,30.5,46,Wet,No,0.87,3/30/2024
129,Queen Elizabeth,Lion,422,27.2,187,Wet,Yes,0.63,9/3/2024
130,Mgahinga,Gorilla,402,32.8,58,Wet,Yes,0.57,4/25/2024
131,Mgahinga,Hippo,390,29.5,203,Wet,Yes,0.89,1/8/2024
132,Kidepo,Leopard,83,25.7,134,Wet,No,0.55,4/29/2024
133,Bwindi,Elephant,337,33,287,Wet,Yes,0.82,11/21/2024
134,Mgahinga,Buffalo,485,29.9,209,Dry,Yes,0.52,1/20/2024
135,Kidepo,Buffalo,79,19.7,275,Dry,No,0.72,12/9/2024
136,Kibale,Hippo,296,25.1,79,Wet,Yes,0.91,11/11/2024
137,Bwindi,Gorilla,36,29.7,111,Wet,No,0.97,7/4/2024
138,Murchison Falls,Hippo,208,27.3,183,Dry,No,0.64,3/3/2024
139,Mgahinga,Chimpanzee,252,19.6,108,Dry,Yes,0.89,5/4/2024
140,Queen Elizabeth,Chimpanzee,309,21.5,283,Dry,Yes,0.9,4/29/2024
141,Kidepo,Chimpanzee,95,31.4,1,Wet,Yes,0.98,12/31/2024
142,Kidepo,Chimpanzee,109,19.9,13,Dry,Yes,0.68,5/1/2024
143,Lake Mburo,Gorilla,28,21,26,Dry,No,0.76,2/2/2024
144,Bwindi,Buffalo,418,24.2,55,Wet,Yes,0.96,1/23/2024
145,Kibale,Chimpanzee,485,32.7,266,Wet,No,0.82,1/16/2024
146,Murchison Falls,Buffalo,453,24.8,55,Wet,No,0.54,2/11/2024
147,Kidepo,Leopard,95,19.1,140,Wet,No,0.99,9/28/2024
148,Kidepo,Buffalo,278,28.3,50,Dry,Yes,0.71,4/26/2024
149,Bwindi,Gorilla,443,25.7,212,Dry,No,0.71,12/6/2024
150,Kidepo,Gorilla,98,29.7,242,Dry,Yes,0.91,2/17/2024
151,Bwindi,Elephant,401,30.6,66,Dry,No,0.83,7/29/2024
152,Kidepo,Chimpanzee,360,34,216,Dry,No,0.79,6/29/2024
153,Murchison Falls,Leopard,279,21.6,246,Dry,Yes,0.67,10/11/2024
154,Kidepo,Elephant,410,22.7,115,Wet,Yes,0.8,12/2/2024
155,Mgahinga,Hippo,156,18.5,139,Wet,No,0.67,4/2/2024
156,Mgahinga,Lion,309,29.2,35,Dry,Yes,0.54,9/28/2024
157,Queen Elizabeth,Buffalo,234,25.7,80,Wet,No,0.85,10/17/2024
158,Lake Mburo,Elephant,472,18.9,80,Dry,Yes,0.63,12/4/2024
159,Bwindi,Buffalo,330,25.5,139,Dry,Yes,0.67,2/26/2024
160,Kidepo,Hippo,367,28.1,269,Wet,Yes,0.61,11/2/2024
161,Murchison Falls,Elephant,124,23.1,108,Dry,No,0.64,31-01-2024
162,Murchison Falls,Buffalo,402,25.3,66,Wet,Yes,0.75,12/8/2024
163,Mgahinga,Gorilla,56,24.8,21,Wet,Yes,0.73,2/9/2024
164,Mgahinga,Gorilla,314,25.3,207,Wet,No,0.56,1/11/2024
165,Kidepo,Lion,430,34.1,235,Wet,Yes,0.71,2/24/2024
166,Queen Elizabeth,Buffalo,321,24.8,40,Wet,No,0.87,4/23/2024
167,Kidepo,Chimpanzee,106,19.3,58,Dry,No,0.67,11/26/2024
168,Mgahinga,Lion,140,19.7,131,Dry,Yes,0.8,12/1/2024
169,Murchison Falls,Lion,415,28.7,237,Wet,No,0.92,11/17/2024
170,Kidepo,Lion,245,19.2,226,Wet,No,0.79,6/29/2024
171,Lake Mburo,Elephant,178,25.8,19,Dry,No,0.91,2/9/2024
172,Kibale,Chimpanzee,457,19.5,259,Wet,No,0.78,1/22/2024
173,Bwindi,Chimpanzee,312,29.1,164,Wet,Yes,0.97,8/18/2024
174,Murchison Falls,Chimpanzee,480,32.2,43,Dry,Yes,0.62,8/12/2024
175,Bwindi,Leopard,287,28.4,186,Wet,No,0.69,6/22/2024
176,Kibale,Leopard,46,31.4,171,Dry,No,0.55,12/13/2024
177,Bwindi,Gorilla,149,30.3,76,Wet,Yes,0.79,3/13/2024
178,Kidepo,Gorilla,355,29.9,200,Dry,Yes,0.65,7/11/2024
179,Kibale,Chimpanzee,188,31.8,269,Dry,No,0.75,1/10/2024
180,Kidepo,Gorilla,112,34.2,174,Wet,Yes,0.61,3/11/2024
181,Queen Elizabeth,Elephant,171,"25,5",51,Dry,No,0.93,11/12/2024
182,Queen Elizabeth,Leopard,212,20.6,92,Dry,No,0.52,7/5/2024
183,Kibale,Hippo,141,34.5,145,Wet,Yes,0.76,6/7/2024
184,Mgahinga,Chimpanzee,260,33.4,99,Wet,No,0.73,5/24/2024
185,Mgahinga,Buffalo,277,27,82,Dry,Yes,0.93,1/27/2024
186,Kibale,Buffalo,467,24.3,52,Dry,No,0.54,3/23/2024
187,Kidepo,Buffalo,483,26.7,223,Dry,Yes,0.9,6/27/2024
188,Murchison Falls,Buffalo,47,24.7,191,Dry,No,0.99,7/10/2024
189,Queen Elizabeth,Elephant,183,33.8,171,Dry,Yes,0.52,8/29/2024
190,Kibale,Chimpanzee,91,30.9,240,Wet,Yes,0.94,1/10/2024
191,Kidepo,Lion,447,20.5,270,Wet,Yes,0.88,5/1/2024
192,Kidepo,Elephant,44,22.1,234,Dry,Yes,0.91,9/12/2024
193,Lake Mburo,Leopard,28,28.7,294,Dry,Yes,0.64,1/1/2024
194,Lake Mburo,Gorilla,143,27.7,95,Dry,No,0.53,9/26/2024
195,Lake Mburo,Leopard,422,34.8,283,Dry,No,0.93,1/23/2024
196,Kibale,Buffalo,211,22.3,8,Wet,Yes,0.67,12/2/2024
197,Kibale,Elephant,415,27.9,170,Dry,Yes,0.67,6/22/2024
198,Mgahinga,Hippo,109,32.1,237,Wet,Yes,0.9,2/2/2024
199,Kibale,Chimpanzee,254,18.6,103,Dry,Yes,0.93,6/10/2024
200,Kidepo,Leopard,223,34.8,278,Wet,No,0.52,11/27/2024
201,Queen Elizabeth,Gorilla,202,32.7,,Wet,No,0.56,7/7/2024
202,Bwindi,Buffalo,400,25.5,197,Wet,Yes,0.74,9/11/2024
203,Kidepo,Chimpanzee,285,22.5,42,Wet,Yes,0.71,4/2/2024
204,Lake Mburo,Gorilla,184,19.7,167,Wet,No,0.72,8/6/2024
205,Queen Elizabeth,Hippo,247,24,21,Wet,No,0.63,1/30/2024
206,Murchison Falls,Hippo,346,24.9,262,Dry,Yes,0.57,11/7/2024
207,Kibale,Chimpanzee,244,18.6,34,Dry,No,0.68,10/17/2024
208,Murchison Falls,Leopard,98,29.5,189,Wet,No,0.87,10/20/2024
209,Queen Elizabeth,Leopard,207,24.8,142,Dry,Yes,0.51,4/5/2024
210,Bwindi,Leopard,218,33.5,60,Wet,No,0.84,4/19/2024
211,Lake Mburo,Gorilla,375,33.6,251,Dry,Yes,0.57,2/7/2024
212,Bwindi,Lion,480,30.1,44,Wet,No,0.85,10/8/2024
213,Lake Mburo,Gorilla,476,23.1,80,Dry,No,0.75,3/3/2024
214,Queen Elizabeth,Chimpanzee,91,22,252,Dry,No,0.77,7/7/2024
215,Bwindi,Chimpanzee,302,20.2,44,Dry,No,0.7,9/2/2024
216,Lake Mburo,Buffalo,413,25,294,Dry,Yes,0.98,11/24/2024
217,Murchison Falls,Buffalo,258,29.6,176,Dry,Yes,0.88,3/7/2024
218,Bwindi,Leopard,486,32.8,63,Dry,No,0.58,6/14/2024
219,Kibale,Lion,197,34.1,265,Wet,Yes,0.62,11/21/2024
220,Lake Mburo,Gorilla,84,28.6,273,Dry,Yes,0.79,10/24/2024
ID-221,Queen Elizabeth,Lion,357,28.6,172,Dry,Yes,0.54,11/24/2024
222,Mgahinga,Leopard,155,29.1,292,Wet,Yes,0.74,11/17/2024
223,Lake Mburo,Gorilla,348,34.3,247,Dry,No,0.65,2/7/2024
224,Kibale,Elephant,100,25.5,247,Wet,Yes,0.67,3/14/2024
225,Kidepo,Chimpanzee,387,23.4,176,Wet,Yes,0.87,9/20/2024
226,Lake Mburo,Elephant,183,22.1,62,Wet,No,0.62,2/19/2024
227,Murchison Falls,Gorilla,216,32.7,214,Dry,Yes,0.9,10/22/2024
228,Kibale,Gorilla,117,31,255,Wet,No,0.93,9/11/2024
229,Murchison Falls,Elephant,221,26.6,123,Dry,No,0.52,5/24/2024
230,Bwindi,Leopard,471,32.3,240,Wet,Yes,0.92,8/8/2024
231,Queen Elizabeth,Gorilla,392,24.2,206,Wet,Yes,0.7,10/18/2024
232,Lake Mburo,Lion,205,27.4,37,Wet,No,0.87,5/23/2024
233,Mgahinga,Leopard,368,28.4,65,Dry,No,0.68,6/22/2024
234,Lake Mburo,Gorilla,406,20.5,260,Wet,Yes,0.52,3/11/2024
235,Kibale,Gorilla,431,26.1,233,Dry,Yes,0.66,11/9/2024
236,Kidepo,Lion,221,34.8,153,Wet,No,0.85,6/2/2024
237,Bwindi,Chimpanzee,28,24.3,56,Wet,No,0.89,12/18/2024
238,Kibale,Elephant,325,26.1,296,Dry,Yes,0.79,3/28/2024
239,Lake Mburo,Hippo,389,28.5,194,Dry,Yes,0.52,12/24/2024
240,Murchison Falls,Lion,29,25.5,214,Dry,No,0.84,7/29/2024
241,Lake Mburo,Chimpanzee,333,33.6,31,Dry,Yes,0.77,12/5/2024
242,Bwindi,Leopard,212,23.3,88,Wet,No,0.77,12/12/2024
243,Mgahinga,Chimpanzee,389,29.6,135,Wet,Yes,0.97,5/22/2024
244,Lake Mburo,Gorilla,135,34,152,Wet,Yes,0.84,9/7/2024
245,Kidepo,Buffalo,198,27.5,140,Wet,Yes,0.78,10/5/2024
246,Bwindi,Buffalo,439,23.9,74,Wet,Yes,0.64,12/31/2024
247,Murchison Falls,Gorilla,493,25.5,131,Wet,Yes,0.6,10/2/2024
248,Kidepo,Leopard,376,22.6,55,Dry,Yes,0.52,9/28/2024
249,Queen Elizabeth,Hippo,139,18.9,211,Wet,No,0.55,3/11/2024
250,Murchison Falls,Leopard,495,20.7,243,Wet,Yes,0.87,5/27/2024
251,Kidepo,Gorilla,350,19,45,Dry,Yes,0.95,3/30/2024
252,Bwindi,Chimpanzee,110,33.9,18,Wet,No,0.59,5/28/2024
253,Murchison Falls,Elephant,172,27.7,54,Wet,No,0.72,11/24/2024
254,Lake Mburo,Leopard,272,33.1,68,Wet,No,0.59,2/27/2024
255,Kidepo,Lion,394,25.8,131,Dry,Yes,0.86,5/31/2024
256,Lake Mburo,Hippo,407,21.3,207,Wet,No,0.54,12/8/2024
257,Murchison Falls,Lion,91,26.1,127,Dry,No,0.69,8/16/2024
258,Mgahinga,Gorilla,188,23.1,293,Dry,No,0.82,12/20/2024
259,Queen Elizabeth,Elephant,361,20,157,Dry,No,0.84,12/26/2024
260,Mgahinga,Gorilla,373,20,151,Wet,Yes,0.61,3/9/2024
261,Bwindi,Lion,252,30.7,191,Wet,No,0.87,12/6/2024
262,Mgahinga,Lion,410,22.2,41,Wet,No,0.54,10/15/2024
263,Murchison Falls,Elephant,444,27.3,258,Dry,Yes,0.58,9/23/2024
264,Bwindi,Elephant,368,21.5,298,Wet,Yes,0.94,8/16/2024
265,Mgahinga,Elephant,252,20.2,212,Wet,Yes,0.77,12/10/2024
266,Mgahinga,Gorilla,390,18.4,130,Dry,Yes,0.78,1/24/2024
267,Bwindi,Gorilla,378,19.1,30,Dry,No,0.52,7/28/2024
268,Queen Elizabeth,Chimpanzee,89,31,215,Wet,No,0.72,7/12/2024
269,Bwindi,Elephant,369,34.4,276,Dry,No,0.56,10/2/2024
270,Bwindi,Leopard,85,30.4,114,Dry,Yes,0.98,8/25/2024
271,Kibale,Hippo,298,25.2,194,Dry,Yes,0.73,3/20/2024
272,Kidepo,Lion,499,32.9,57,Dry,No,0.8,1/9/2024
273,Queen Elizabeth,Lion,54,19.7,17,Wet,Yes,0.62,1/23/2024
274,Bwindi,Buffalo,139,27.2,28,Dry,No,0.61,10/21/2024
275,Kidepo,Leopard,326,31.1,164,Dry,No,0.93,12/4/2024
276,Lake Mburo,Lion,231,23.1,31,Dry,No,0.77,1/25/2024
277,Kidepo,Hippo,363,24.5,268,Wet,No,0.7,6/2/2024
278,Bwindi,Lion,406,27.1,123,Dry,No,0.92,3/14/2024
279,Mgahinga,Buffalo,488,19,211,Wet,Yes,0.69,5/10/2024
280,Queen Elizabeth,Gorilla,351,19.3,230,Wet,Yes,0.76,4/7/2024
281,Murchison Falls,Gorilla,213,29.5,20,Dry,Yes,0.89,10/27/2024
282,Kibale,Hippo,306,21.7,106,Wet,No,0.97,1/8/2024
283,Queen Elizabeth,Lion,399,20,245,Dry,Yes,0.69,5/2/2024
284,Lake Mburo,Gorilla,417,22.8,238,Wet,No,0.63,9/19/2024
285,Bwindi,Buffalo,70,31.6,240,Wet,Yes,0.68,7/30/2024
286,Murchison Falls,Leopard,462,21.8,74,Dry,No,0.77,10/26/2024
287,Lake Mburo,Hippo,233,23,100,Wet,Yes,0.69,5/5/2024
288,Bwindi,Leopard,355,34,172,Wet,No,0.97,11/24/2024
289,Kibale,Buffalo,255,20.9,180,Dry,Yes,0.85,9/7/2024
290,Queen Elizabeth,Leopard,348,34.3,268,Dry,Yes,0.96,12/8/2024
291,Murchison Falls,Chimpanzee,23,25,118,Dry,Yes,0.5,9/15/2024
292,Bwindi,Gorilla,50,28.5,247,Wet,Yes,0.5,10/9/2024
293,Bwindi,Elephant,28,27,140,Wet,Yes,0.75,12/23/2024
294,Kibale,Buffalo,432,34,91,Dry,Yes,0.76,5/3/2024
295,Queen Elizabeth,Leopard,289,22.3,181,Wet,No,0.54,7/26/2024
296,Bwindi,Leopard,144,34.8,115,Wet,Yes,0.82,11/28/2024
297,Mgahinga,Elephant,67,24.9,193,Wet,Yes,0.81,12/25/2024
298,Queen Elizabeth,Elephant,275,32.4,169,Dry,Yes,0.61,12/20/2024
299,Lake Mburo,Buffalo,158,18.8,38,Wet,Yes,0.59,6/10/2024
300,Murchison Falls,Lion,320,20.5,203,Dry,No,0.58,5/3/2024
301,Lake Mburo,Chimpanzee,454,24.6,276,Wet,No,0.87,3/12/2024
302,Mgahinga,Hippo,390,19.3,177,Dry,Yes,0.71,2/8/2024
303,Kidepo,Leopard,413,28.4,203,Wet,Yes,0.81,8/18/2024
304,Bwindi,Lion,202,27.4,192,Wet,Yes,0.83,12/4/2024
305,Bwindi,Elephant,415,28.5,126,Dry,Yes,0.63,7/13/2024
306,Kibale,Chimpanzee,344,20.6,199,Wet,No,0.55,1/3/2024
307,Kidepo,Buffalo,204,30.9,52,Dry,Yes,0.59,8/17/2024
308,Lake Mburo,Leopard,282,24.9,13,Dry,No,0.77,11/1/2024
309,Lake Mburo,Chimpanzee,186,32.7,6,Wet,No,0.69,2/13/2024
310,Kibale,Leopard,483,34.9,124,Dry,No,0.58,5/17/2024
311,Kidepo,Gorilla,272,20.5,85,Wet,No,0.71,9/4/2024
312,Mgahinga,Elephant,204,22.3,126,Wet,Yes,0.72,3/10/2024
313,Kidepo,Elephant,222,23.6,194,Wet,No,0.66,11/29/2024
314,Lake Mburo,Lion,173,23.5,102,Wet,No,0.59,7/22/2024
315,Kidepo,Gorilla,396,29.8,251,Dry,No,0.68,7/20/2024
316,Kidepo,Elephant,497,27.6,279,Dry,Yes,0.97,8/24/2024
317,Kibale,Lion,244,31.6,35,Wet,No,0.57,6/4/2024
318,Queen Elizabeth,Gorilla,357,20.6,216,Wet,Yes,0.72,11/2/2024
319,Bwindi,Leopard,225,27.1,214,Dry,No,0.84,10/1/2024
320,Lake Mburo,Hippo,488,19.4,127,Wet,Yes,0.82,1/23/2024
321,Lake Mburo,Hippo,366,29,169,Wet,Yes,0.51,5/12/2024
322,Queen Elizabeth,Leopard,402,26.8,297,Dry,No,0.68,8/25/2024
323,Mgahinga,Hippo,321,29.7,77,Wet,Yes,0.74,5/31/2024
324,Bwindi,Elephant,79,32.1,72,Wet,No,0.67,4/15/2024
325,Lake Mburo,Buffalo,198,26.1,224,Wet,No,0.53,1/23/2024
326,Mgahinga,Hippo,78,18.4,175,Dry,Yes,0.96,5/4/2024
327,Lake Mburo,Lion,302,20.7,286,Wet,No,0.61,7/26/2024
328,Kibale,Lion,115,28.9,221,Wet,Yes,0.86,4/11/2024
329,Bwindi,Leopard,239,24.6,109,Dry,No,0.87,2/2/2024
330,Lake Mburo,Elephant,429,32.8,95,Wet,No,0.6,2/28/2024
331,Kidepo,Hippo,461,26.3,160,Wet,No,0.79,6/27/2024
332,Kidepo,Chimpanzee,254,28.5,152,Dry,Yes,0.65,5/2/2024
333,Kidepo,Elephant,113,24.3,72,Wet,No,0.79,10/21/2024
334,Bwindi,Buffalo,115,26.3,275,Dry,Yes,0.74,3/12/2024
335,Queen Elizabeth,Gorilla,451,25.7,27,Wet,Yes,0.74,4/9/2024
336,Mgahinga,Buffalo,307,26.6,253,Wet,No,0.7,8/15/2024
337,Bwindi,Lion,62,27.6,112,Wet,Yes,0.63,10/2/2024
338,Kidepo,Lion,419,25.8,253,Dry,Yes,0.63,10/5/2024
339,Mgahinga,Gorilla,297,32,21,Wet,Yes,0.98,2/22/2024
340,Kibale,Chimpanzee,354,30.8,152,Dry,No,0.63,2/14/2024
341,Bwindi,Chimpanzee,80,31.2,121,Dry,No,0.92,11/8/2024
342,Kibale,Buffalo,104,28.5,105,Dry,Yes,0.78,9/29/2024
343,Kidepo,Leopard,295,20.9,149,Wet,No,0.97,9/20/2024
344,Kibale,Chimpanzee,68,20.3,210,Dry,No,0.92,3/5/2024
345,Kibale,Chimpanzee,87,22.2,164,Dry,No,0.74,10/22/2024
346,Kibale,Gorilla,341,25,231,Dry,Yes,0.7,5/22/2024
347,Kibale,Gorilla,252,34.2,167,Dry,Yes,0.86,8/22/2024
348,Kibale,Hippo,377,24.1,32,Wet,Yes,0.97,4/18/2024
349,Bwindi,Gorilla,185,32.1,172,Dry,No,0.89,12/15/2024
350,Mgahinga,Elephant,43,19.7,235,Dry,Yes,0.96,3/21/2024
351,Bwindi,Buffalo,20,34.9,219,Dry,Yes,0.93,6/3/2024
352,Queen Elizabeth,Chimpanzee,497,32.9,47,Wet,No,0.54,12/6/2024
353,Kibale,Lion,46,24.7,156,Dry,No,0.82,12/26/2024
354,Murchison Falls,Elephant,129,26.1,67,Dry,No,0.5,12/22/2024
355,Kidepo,Chimpanzee,81,34.8,216,Dry,No,0.53,7/15/2024
356,Murchison Falls,Hippo,432,19.7,160,Wet,No,0.57,3/9/2024
357,Kibale,Hippo,93,19.2,288,Dry,Yes,0.72,4/19/2024
358,Kibale,Hippo,97,33.6,226,Dry,Yes,0.94,3/12/2024
359,Mgahinga,Elephant,321,30.4,179,Wet,No,0.89,5/6/2024
360,Kidepo,Hippo,63,22.2,145,Dry,No,0.6,11/6/2024
361,Lake Mburo,Lion,402,24.7,27,Dry,No,0.69,5/3/2024
362,Bwindi,Hippo,324,19.2,6,Wet,No,0.56,10/18/2024
363,Bwindi,Gorilla,299,29.6,241,Dry,Yes,0.79,1/8/2024
364,Kidepo,Lion,40,33.7,203,Wet,No,0.71,7/24/2024
365,Murchison Falls,Hippo,294,27.1,78,Wet,Yes,0.65,9/18/2024
366,Queen Elizabeth,Chimpanzee,99,27.1,200,Dry,No,0.84,5/2/2024
367,Murchison Falls,Lion,64,33.7,59,Wet,Yes,0.65,12/2/2024
368,Kibale,Lion,81,18.2,70,Dry,Yes,0.74,6/26/2024
369,Lake Mburo,Leopard,420,32,132,Dry,No,0.56,5/17/2024
370,Kibale,Elephant,414,33.3,171,Wet,No,0.76,5/14/2024
371,Kibale,Leopard,341,19.3,233,Wet,Yes,0.74,10/17/2024
372,Queen Elizabeth,Gorilla,100,22.3,52,Dry,Yes,0.86,1/2/2024
373,Murchison Falls,Chimpanzee,461,18.2,23,Wet,No,0.69,3/17/2024
374,Queen Elizabeth,Chimpanzee,38,27.4,214,Dry,No,0.62,6/12/2024
375,Kidepo,Chimpanzee,59,27.7,61,Dry,Yes,0.61,9/21/2024
376,Murchison Falls,Buffalo,55,32.9,144,Wet,No,0.54,8/21/2024
377,Murchison Falls,Gorilla,122,23,155,Dry,No,0.68,9/9/2024
378,Mgahinga,Chimpanzee,120,30.5,279,Dry,Yes,0.5,7/28/2024
379,Murchison Falls,Lion,297,23.9,4,Wet,Yes,0.87,7/11/2024
380,Mgahinga,Hippo,392,23.2,105,Dry,No,0.74,1/31/2024
381,Queen Elizabeth,Hippo,163,19.6,118,Wet,No,0.72,2/13/2024
382,Lake Mburo,Elephant,278,20.3,201,Dry,Yes,0.71,3/7/2024
383,Queen Elizabeth,Gorilla,153,32.5,201,Wet,No,0.72,4/29/2024
384,Murchison Falls,Lion,89,31.3,299,Dry,Yes,0.55,8/18/2024
385,Bwindi,Gorilla,228,20.1,183,Dry,No,0.65,5/15/2024
386,Mgahinga,Elephant,66,20.7,155,Dry,Yes,0.91,6/16/2024
387,Queen Elizabeth,Elephant,384,22.2,182,Wet,Yes,0.83,5/13/2024
388,Mgahinga,Lion,35,34.2,231,Dry,Yes,0.73,3/12/2024
389,Murchison Falls,Elephant,51,32.1,113,Dry,Yes,0.9,7/9/2024
390,Kibale,Hippo,500,29,298,Wet,Yes,0.51,2/3/2024
391,Queen Elizabeth,Hippo,247,31.8,47,Wet,Yes,0.52,8/24/2024
392,Murchison Falls,Lion,493,27.8,202,Wet,Yes,0.69,8/6/2024
393,Queen Elizabeth,Gorilla,129,33.4,140,Wet,No,0.93,1/18/2024
394,Lake Mburo,Leopard,335,22.2,151,Wet,No,0.93,9/2/2024
395,Murchison Falls,Elephant,163,24.5,214,Dry,Yes,0.81,10/5/2024
396,Mgahinga,Elephant,215,31.3,183,Wet,No,0.67,10/16/2024
397,Lake Mburo,Gorilla,218,22.6,13,Wet,Yes,0.51,5/23/2024
398,Murchison Falls,Chimpanzee,261,27,299,Dry,Yes,0.55,12/2/2024
399,Queen Elizabeth,Gorilla,293,31.9,28,Dry,No,0.67,3/29/2024
400,Queen Elizabeth,Lion,323,23.4,183,Dry,No,0.96,10/15/2024
401,Queen Elizabeth,Leopard,116,32.2,252,Wet,Yes,0.74,2/16/2024
402,Murchison Falls,Lion,328,21.7,269,Wet,Yes,0.66,11/10/2024
403,Queen Elizabeth,Chimpanzee,86,23.8,90,Wet,Yes,0.51,10/27/2024
404,Kibale,Lion,416,19.9,269,Wet,Yes,0.68,12/5/2024
405,Bwindi,Leopard,71,23.7,165,Dry,Yes,0.86,8/11/2024
406,Mgahinga,Hippo,269,29,89,Wet,Yes,0.83,3/30/2024
407,Bwindi,Gorilla,395,29.7,65,Dry,Yes,0.96,10/20/2024
408,Bwindi,Chimpanzee,414,34.4,16,Dry,No,0.95,11/9/2024
409,Queen Elizabeth,Hippo,309,19.8,254,Dry,No,0.87,5/1/2024
410,Kidepo,Gorilla,105,28.8,45,Wet,No,0.51,4/17/2024
411,Queen Elizabeth,Hippo,54,24,55,Dry,Yes,0.69,8/2/2024
412,Queen Elizabeth,Buffalo,272,33,179,Wet,Yes,0.91,10/22/2024
413,Kibale,Chimpanzee,371,21.8,231,Dry,Yes,0.64,6/12/2024
414,Kidepo,Elephant,57,23.8,192,Dry,Yes,0.77,2/17/2024
415,Kidepo,Leopard,334,33.2,15,Wet,Yes,0.8,8/10/2024
416,Queen Elizabeth,Elephant,71,23.6,97,Wet,No,0.82,6/1/2024
417,Queen Elizabeth,Elephant,45,24.7,281,Wet,Yes,0.53,1/2/2024
418,Bwindi,Elephant,170,32,245,Dry,Yes,0.51,3/28/2024
419,Kibale,Gorilla,61,26.1,59,Wet,No,0.73,12/4/2024
420,Kidepo,Elephant,348,27.3,94,Wet,No,0.68,8/16/2024
421,Murchison Falls,Gorilla,245,25.9,115,Wet,Yes,0.57,12/22/2024
422,Kibale,Elephant,63,29.4,277,Wet,Yes,0.77,7/17/2024
423,Mgahinga,Leopard,234,34.4,243,Dry,No,0.65,7/21/2024
424,Mgahinga,Hippo,37,26.5,264,Dry,Yes,0.97,8/17/2024
425,Queen Elizabeth,Lion,128,31.7,64,Dry,No,0.54,12/15/2024
426,Bwindi,Lion,441,28.7,132,Wet,Yes,0.54,10/11/2024
427,Bwindi,Leopard,186,32.6,266,Wet,Yes,0.89,11/15/2024
428,Lake Mburo,Leopard,420,25.1,212,Dry,Yes,0.78,10/25/2024
429,Mgahinga,Elephant,493,19.8,51,Wet,No,0.93,5/15/2024
430,Bwindi,Hippo,268,27.7,242,Dry,Yes,0.63,3/14/2024
431,Lake Mburo,Leopard,368,29.8,19,Wet,No,0.84,1/26/2024
432,Kibale,Buffalo,491,22.6,190,Dry,No,0.9,6/4/2024
433,Kidepo,Gorilla,451,26.4,50,Dry,Yes,0.65,8/14/2024
434,Mgahinga,Chimpanzee,184,22.6,213,Dry,Yes,0.72,7/27/2024
435,Kibale,Buffalo,408,26.8,191,Dry,Yes,0.53,12/29/2024
436,Lake Mburo,Buffalo,89,31.3,268,Dry,Yes,0.59,4/12/2024
437,Mgahinga,Elephant,147,18.6,25,Wet,Yes,0.63,8/25/2024
438,Lake Mburo,Buffalo,345,33.7,15,Dry,No,0.74,8/16/2024
439,Queen Elizabeth,Chimpanzee,262,28,179,Wet,Yes,0.91,5/12/2024
440,Kibale,Chimpanzee,372,19.5,14,Wet,Yes,0.58,10/19/2024
441,Mgahinga,Lion,458,21.8,115,Dry,No,0.82,9/19/2024
442,Murchison Falls,Chimpanzee,419,34.4,4,Wet,Yes,0.82,11/3/2024
443,Mgahinga,Elephant,134,22.3,156,Wet,No,0.94,6/27/2024
444,Bwindi,Gorilla,131,25.9,266,Wet,Yes,0.5,12/5/2024
445,Mgahinga,Chimpanzee,211,27.5,144,Wet,Yes,0.74,6/21/2024
446,Kidepo,Hippo,186,32.6,133,Wet,Yes,0.57,5/3/2024
447,Murchison Falls,Chimpanzee,458,31.6,206,Wet,Yes,0.85,12/1/2024
448,Bwindi,Gorilla,152,33.4,207,Wet,Yes,0.79,10/19/2024
449,Mgahinga,Lion,195,30.4,113,Wet,No,0.75,3/28/2024
450,Mgahinga,Hippo,468,27.5,150,Dry,No,0.56,5/12/2024
451,Kibale,Chimpanzee,306,31,93,Wet,Yes,0.61,4/24/2024
452,Kibale,Chimpanzee,177,25.1,169,Wet,No,0.79,8/25/2024
453,Mgahinga,Elephant,260,18.9,298,Dry,No,0.94,9/13/2024
454,Murchison Falls,Chimpanzee,368,24.5,152,Wet,Yes,0.93,3/18/2024
455,Queen Elizabeth,Lion,195,25,291,Wet,Yes,0.66,4/2/2024
456,Mgahinga,Elephant,269,23.7,90,Wet,Yes,0.5,5/20/2024
457,Queen Elizabeth,Chimpanzee,416,20.9,81,Wet,Yes,0.56,8/10/2024
458,Kibale,Buffalo,226,25.3,244,Wet,Yes,0.52,4/12/2024
459,Kibale,Gorilla,27,33.2,271,Dry,Yes,0.83,11/16/2024
460,Kibale,Lion,135,29.8,176,Wet,Yes,0.55,9/14/2024
461,Lake Mburo,Gorilla,105,19.1,23,Wet,No,0.72,9/23/2024
462,Lake Mburo,Leopard,192,25.4,68,Wet,No,0.68,4/6/2024
463,Queen Elizabeth,Chimpanzee,226,18.3,114,Dry,Yes,0.86,10/28/2024
464,Lake Mburo,Lion,83,24.2,19,Wet,No,0.88,11/15/2024
465,Murchison Falls,Leopard,44,29.3,10,Dry,Yes,0.7,7/13/2024
466,Murchison Falls,Leopard,149,26.1,78,Dry,Yes,0.65,12/4/2024
467,Murchison Falls,Hippo,286,22.6,70,Wet,Yes,0.75,11/12/2024
468,Murchison Falls,Gorilla,78,31.3,254,Dry,Yes,0.88,9/24/2024
469,Queen Elizabeth,Gorilla,380,25,82,Dry,No,0.95,12/18/2024
470,Bwindi,Gorilla,140,18,45,Dry,No,0.57,2/16/2024
471,Mgahinga,Leopard,58,30.3,51,Wet,Yes,0.72,5/31/2024
472,Kidepo,Buffalo,45,19.7,89,Dry,No,0.68,12/12/2024
473,Kidepo,Buffalo,398,20,23,Dry,Yes,0.83,3/28/2024
474,Kidepo,Gorilla,477,25.4,137,Dry,No,0.9,4/3/2024
475,Murchison Falls,Buffalo,224,34.4,139,Wet,No,0.89,11/28/2024
476,Mgahinga,Lion,77,20.3,30,Dry,Yes,0.7,10/29/2024
477,Bwindi,Chimpanzee,311,29.5,92,Wet,No,0.8,12/16/2024
478,Mgahinga,Hippo,476,20.2,249,Dry,No,0.72,2/2/2024
479,Kidepo,Hippo,180,18.2,268,Dry,No,0.75,12/18/2024
480,Kibale,Leopard,68,25.4,127,Wet,No,0.83,11/24/2024
481,Bwindi,Lion,449,32,27,Dry,Yes,0.75,8/28/2024
482,Mgahinga,Buffalo,465,20.8,251,Wet,Yes,0.66,5/22/2024
483,Murchison Falls,Leopard,134,27.4,193,Wet,Yes,0.54,8/15/2024
484,Mgahinga,Leopard,249,19.5,255,Wet,No,0.56,9/11/2024
485,Kibale,Hippo,29,19.7,211,Dry,Yes,0.9,11/5/2024
486,Lake Mburo,Hippo,175,33.1,287,Dry,No,0.97,7/5/2024
487,Mgahinga,Elephant,438,21.8,232,Wet,No,0.85,7/5/2024
488,Kibale,Buffalo,78,19.7,113,Dry,No,0.67,11/20/2024
489,Mgahinga,Gorilla,300,26.9,54,Dry,Yes,0.74,7/28/2024
490,Murchison Falls,Gorilla,332,21.3,61,Wet,Yes,0.72,4/7/2024
491,Kibale,Gorilla,75,30.9,23,Dry,No,0.72,10/28/2024
492,Lake Mburo,Lion,275,18.1,24,Wet,No,0.95,3/31/2024
493,Kibale,Leopard,108,30.4,65,Dry,No,0.82,11/6/2024
494,Kidepo,Leopard,471,24.5,127,Wet,No,0.97,5/30/2024
495,Bwindi,Chimpanzee,88,20.3,262,Wet,No,0.85,10/10/2024
496,Kibale,Lion,122,21.6,148,Wet,Yes,0.98,11/28/2024
497,Queen Elizabeth,Leopard,297,29.8,165,Dry,No,0.78,10/25/2024
498,Lake Mburo,Hippo,383,25.1,273,Wet,No,0.9,9/24/2024
499,Murchison Falls,Elephant,215,20.5,28,Dry,No,0.87,3/23/2024
500,Kidepo,Hippo,148,20.5,31,Wet,Yes,0.87,1/17/2024
501,Kidepo,Chimpanzee,251,19.7,287,Dry,No,0.62,12/22/2024
502,Kidepo,Hippo,360,18.8,195,Wet,No,0.97,12/16/2024
503,Kidepo,Leopard,47,18.2,128,Dry,No,0.91,11/20/2024
504,Kibale,Hippo,351,24.3,279,Dry,Yes,0.64,3/31/2024
505,Kibale,Elephant,115,34.4,263,Dry,No,0.52,5/22/2024
506,Lake Mburo,Gorilla,86,20.7,130,Dry,No,0.73,3/20/2024
507,Murchison Falls,Lion,495,23.5,26,Wet,No,0.89,10/8/2024
508,Kidepo,Elephant,421,30,269,Dry,Yes,0.76,9/15/2024
509,Queen Elizabeth,Buffalo,298,27.1,47,Wet,Yes,0.93,12/5/2024
510,Kidepo,Gorilla,204,23,271,Wet,Yes,0.56,6/26/2024
511,Bwindi,Lion,483,28.9,124,Dry,No,0.69,2/28/2024
512,Bwindi,Gorilla,296,30.3,12,Wet,No,0.74,5/31/2024
513,Kibale,Lion,184,26.7,49,Dry,Yes,0.81,4/17/2024
514,Kibale,Hippo,416,21.6,217,Dry,Yes,0.76,12/25/2024
515,Kibale,Chimpanzee,242,29,36,Dry,Yes,0.73,6/18/2024
516,Murchison Falls,Elephant,57,18.9,128,Dry,Yes,0.95,7/27/2024
517,Bwindi,Buffalo,342,24.9,161,Dry,No,0.83,9/30/2024
518,Murchison Falls,Hippo,388,28.5,299,Dry,Yes,0.68,9/14/2024
519,Murchison Falls,Gorilla,422,29.7,44,Wet,No,0.69,12/4/2024
520,Murchison Falls,Buffalo,100,27.1,69,Wet,No,0.97,3/14/2024
521,Kidepo,Hippo,474,33.5,191,Dry,Yes,0.56,1/3/2024
522,Lake Mburo,Leopard,221,27.1,43,Wet,Yes,0.87,6/25/2024
523,Queen Elizabeth,Buffalo,483,29,262,Dry,Yes,0.59,11/11/2024
524,Mgahinga,Gorilla,119,19.9,290,Dry,No,0.82,2/7/2024
525,Kidepo,Hippo,54,22.3,101,Wet,No,0.67,12/9/2024
526,Kibale,Lion,71,22.8,35,Dry,No,0.74,6/17/2024
527,Lake Mburo,Hippo,176,29.8,78,Wet,No,0.97,3/27/2024
528,Murchison Falls,Gorilla,146,31.4,223,Wet,No,0.57,6/18/2024
529,Bwindi,Buffalo,248,24.1,156,Wet,Yes,0.59,11/6/2024
530,Murchison Falls,Chimpanzee,163,32.6,71,Dry,No,0.86,11/16/2024
531,Murchison Falls,Hippo,58,33.2,259,Dry,No,0.88,4/18/2024
532,Murchison Falls,Leopard,153,27.2,276,Wet,Yes,0.68,4/24/2024
533,Mgahinga,Leopard,395,32.6,68,Wet,Yes,0.69,9/14/2024
534,Murchison Falls,Hippo,142,32.4,84,Dry,No,0.58,10/16/2024
535,Lake Mburo,Hippo,466,34.5,247,Wet,Yes,0.61,9/6/2024
536,Queen Elizabeth,Elephant,155,24.3,21,Dry,No,0.69,8/20/2024
537,Murchison Falls,Elephant,352,23.5,266,Wet,No,0.78,10/18/2024
538,Queen Elizabeth,Buffalo,354,24.4,300,Dry,No,0.68,4/24/2024
539,Lake Mburo,Buffalo,200,31.9,176,Wet,No,0.93,1/4/2024
540,Lake Mburo,Lion,245,20.8,39,Wet,Yes,0.57,3/21/2024
541,Kidepo,Leopard,387,31.9,117,Wet,No,0.85,9/3/2024
542,Kibale,Buffalo,265,21.6,82,Wet,Yes,0.62,3/6/2024
543,Lake Mburo,Leopard,102,20.3,262,Dry,Yes,0.53,5/12/2024
544,Queen Elizabeth,Leopard,227,28.2,288,Dry,No,0.96,4/20/2024
545,Bwindi,Leopard,261,32.7,87,Dry,No,0.79,10/25/2024
546,Mgahinga,Chimpanzee,113,28.6,261,Wet,Yes,0.85,6/24/2024
547,Bwindi,Leopard,322,19.2,193,Wet,Yes,0.55,4/13/2024
548,Lake Mburo,Chimpanzee,485,26.6,214,Dry,Yes,0.59,11/10/2024
549,Lake Mburo,Elephant,469,31.3,257,Dry,Yes,0.74,3/7/2024
550,Lake Mburo,Leopard,443,18,220,Wet,No,0.93,12/23/2024
551,Lake Mburo,Buffalo,137,34,246,Wet,No,0.79,12/22/2024
552,Lake Mburo,Elephant,237,20.3,244,Dry,Yes,0.64,10/5/2024
553,Bwindi,Gorilla,116,18.1,3,Dry,Yes,0.68,4/15/2024
554,Kibale,Chimpanzee,181,25,54,Dry,No,0.82,5/9/2024
555,Kidepo,Chimpanzee,294,25.2,187,Wet,No,0.87,7/30/2024
556,Lake Mburo,Chimpanzee,305,26.2,189,Wet,No,0.98,10/22/2024
557,Kidepo,Chimpanzee,381,24.8,70,Dry,Yes,0.72,12/24/2024
558,Queen Elizabeth,Elephant,129,26.6,173,Dry,Yes,0.69,11/21/2024
559,Murchison Falls,Chimpanzee,66,32,241,Wet,Yes,0.53,4/23/2024
560,Kidepo,Elephant,331,18.6,196,Wet,No,0.85,11/1/2024
561,Murchison Falls,Chimpanzee,439,21,253,Wet,Yes,0.6,12/2/2024
562,Mgahinga,Leopard,166,21.3,261,Dry,Yes,0.83,7/3/2024
563,Queen Elizabeth,Hippo,20,34.6,44,Wet,No,0.67,7/21/2024
564,Bwindi,Leopard,122,26.8,35,Dry,No,0.86,10/13/2024
565,Lake Mburo,Gorilla,197,34.4,141,Dry,Yes,0.72,7/25/2024
566,Lake Mburo,Elephant,153,21,259,Dry,Yes,0.75,6/23/2024
567,Murchison Falls,Chimpanzee,282,34.3,275,Wet,No,0.97,10/15/2024
568,Bwindi,Chimpanzee,144,30.9,234,Wet,Yes,0.74,5/12/2024
569,Murchison Falls,Buffalo,344,31.4,112,Dry,No,0.7,6/29/2024
570,Lake Mburo,Leopard,24,29.9,134,Dry,No,0.55,12/10/2024
571,Kibale,Chimpanzee,195,19.3,91,Wet,No,0.67,10/20/2024
572,Kidepo,Lion,402,29.6,97,Wet,Yes,0.62,5/3/2024
573,Mgahinga,Gorilla,125,21.9,127,Wet,Yes,0.88,3/2/2024
574,Murchison Falls,Hippo,359,26.4,3,Dry,No,0.68,6/10/2024
575,Bwindi,Leopard,464,22.7,93,Wet,No,0.61,10/22/2024
576,Queen Elizabeth,Elephant,289,31.6,244,Dry,No,0.69,12/17/2024
577,Mgahinga,Lion,254,34.6,265,Wet,No,0.84,1/7/2024
578,Kibale,Lion,214,27.9,166,Wet,No,0.59,5/14/2024
579,Queen Elizabeth,Gorilla,261,34.3,175,Wet,Yes,0.74,4/17/2024
580,Bwindi,Hippo,405,24.3,205,Wet,No,0.59,3/8/2024
581,Lake Mburo,Hippo,137,31.8,138,Dry,No,0.92,4/10/2024
582,Queen Elizabeth,Chimpanzee,398,20.5,4,Dry,No,0.74,11/18/2024
583,Lake Mburo,Leopard,388,23.4,249,Wet,No,0.78,10/17/2024
584,Murchison Falls,Buffalo,70,29.7,30,Dry,No,0.73,11/18/2024
585,Murchison Falls,Buffalo,401,23.7,184,Wet,No,0.67,7/29/2024
586,Murchison Falls,Gorilla,464,29.6,101,Dry,No,0.67,12/10/2024
587,Lake Mburo,Buffalo,416,30.5,40,Wet,No,0.73,3/15/2024
588,Mgahinga,Lion,347,31.7,172,Wet,No,0.92,2/6/2024
589,Murchison Falls,Lion,195,21.9,162,Wet,No,0.8,7/21/2024
590,Kidepo,Buffalo,419,32.7,185,Wet,No,0.58,1/12/2024
591,Queen Elizabeth,Hippo,140,29.3,40,Dry,Yes,0.69,2/18/2024
592,Murchison Falls,Buffalo,300,18.9,203,Dry,Yes,0.63,3/20/2024
593,Murchison Falls,Hippo,496,33.1,158,Dry,Yes,0.86,8/14/2024
594,Kibale,Lion,87,27,87,Dry,Yes,0.83,6/15/2024
595,Mgahinga,Buffalo,259,34.6,276,Wet,No,0.57,12/23/2024
596,Lake Mburo,Lion,322,28.2,288,Wet,No,0.95,9/3/2024
597,Lake Mburo,Lion,432,19.5,157,Wet,No,0.63,6/4/2024
598,Murchison Falls,Elephant,287,31.9,69,Wet,No,0.73,1/5/2024
599,Kibale,Buffalo,406,26.1,4,Wet,No,0.79,1/4/2024
600,Lake Mburo,Gorilla,116,25,287,Wet,No,0.62,11/26/2024
601,Bwindi,Chimpanzee,213,21.8,40,Wet,Yes,0.75,11/9/2024
602,Mgahinga,Hippo,370,22.6,272,Wet,No,0.59,2/5/2024
603,Queen Elizabeth,Lion,168,19.9,233,Wet,No,0.84,9/8/2024
604,Queen Elizabeth,Gorilla,29,20.6,273,Dry,Yes,0.98,5/24/2024
605,Kidepo,Lion,386,25.5,4,Dry,Yes,0.57,9/9/2024
606,Queen Elizabeth,Gorilla,235,23.3,255,Wet,No,0.84,1/17/2024
607,Kidepo,Elephant,451,30.8,74,Dry,No,0.88,2/6/2024
608,Lake Mburo,Buffalo,112,21.3,128,Wet,Yes,0.56,12/31/2024
609,Queen Elizabeth,Buffalo,414,34.6,126,Dry,Yes,0.73,2/18/2024
610,Lake Mburo,Hippo,126,26,159,Wet,Yes,0.81,1/22/2024
611,Kibale,Leopard,286,20.1,246,Wet,Yes,0.68,1/27/2024
612,Mgahinga,Hippo,131,34.5,120,Wet,No,0.51,5/21/2024
613,Lake Mburo,Elephant,222,31.4,4,Dry,No,0.84,3/20/2024
614,Kidepo,Chimpanzee,65,22.2,255,Dry,No,0.96,11/16/2024
615,Murchison Falls,Elephant,202,29,274,Dry,Yes,0.74,6/11/2024
616,Lake Mburo,Chimpanzee,350,30.9,224,Dry,Yes,0.84,7/2/2024
617,Kibale,Lion,148,33.3,248,Wet,No,0.77,9/7/2024
618,Queen Elizabeth,Leopard,115,27.2,165,Wet,No,0.93,11/2/2024
619,Mgahinga,Leopard,102,19.2,79,Wet,No,0.9,10/4/2024
620,Kidepo,Buffalo,20,31.2,259,Wet,Yes,0.93,11/13/2024
621,Mgahinga,Gorilla,417,28.5,164,Dry,No,0.59,12/15/2024
622,Bwindi,Chimpanzee,302,20.6,144,Wet,No,0.81,2/26/2024
623,Murchison Falls,Leopard,357,19.1,66,Dry,Yes,0.6,9/5/2024
624,Queen Elizabeth,Elephant,36,27.7,198,Wet,No,0.52,4/23/2024
625,Lake Mburo,Hippo,56,18.2,106,Wet,Yes,0.73,11/23/2024
626,Murchison Falls,Gorilla,305,30.6,212,Wet,Yes,0.9,5/16/2024
627,Lake Mburo,Elephant,395,19.2,155,Dry,Yes,0.97,2/19/2024
628,Murchison Falls,Hippo,138,27,97,Dry,Yes,0.78,4/1/2024
629,Lake Mburo,Hippo,305,25.1,54,Wet,No,0.84,8/6/2024
630,Murchison Falls,Lion,425,21.1,205,Wet,Yes,0.76,11/3/2024
631,Bwindi,Gorilla,482,23.4,166,Wet,No,0.87,8/8/2024
632,Mgahinga,Hippo,185,28.3,288,Dry,No,0.88,5/10/2024
633,Kidepo,Buffalo,249,34.3,0,Dry,No,0.79,9/22/2024
634,Queen Elizabeth,Gorilla,23,23.1,113,Dry,No,0.51,12/19/2024
635,Mgahinga,Gorilla,490,27.4,284,Dry,Yes,0.52,7/1/2024
636,Queen Elizabeth,Lion,155,24.2,298,Dry,Yes,0.63,6/2/2024
637,Murchison Falls,Leopard,224,27.7,111,Dry,No,0.89,3/29/2024
638,Bwindi,Chimpanzee,480,29.7,295,Dry,No,0.52,10/22/2024
639,Bwindi,Elephant,419,19,171,Wet,No,0.7,3/2/2024
640,Mgahinga,Chimpanzee,136,30.7,5,Wet,Yes,0.65,1/22/2024
641,Kidepo,Leopard,309,20.5,257,Dry,Yes,0.52,7/20/2024
642,Bwindi,Chimpanzee,324,27.8,46,Dry,No,0.64,7/20/2024
643,Queen Elizabeth,Lion,192,19.4,292,Dry,No,0.63,7/23/2024
644,Lake Mburo,Buffalo,416,29.9,69,Wet,Yes,0.74,11/29/2024
645,Lake Mburo,Lion,307,28.5,268,Dry,Yes,0.54,8/8/2024
646,Kidepo,Hippo,493,27.8,57,Wet,No,0.68,4/7/2024
647,Kidepo,Gorilla,324,29.1,156,Dry,No,0.8,8/14/2024
648,Lake Mburo,Lion,245,18.8,119,Dry,No,0.58,2/13/2024
649,Murchison Falls,Hippo,47,22.1,75,Wet,Yes,0.67,2/26/2024
650,Kidepo,Buffalo,261,18.4,107,Dry,Yes,0.77,5/12/2024
651,Lake Mburo,Buffalo,338,30.4,72,Dry,No,0.79,12/5/2024
652,Lake Mburo,Elephant,150,20.9,145,Dry,No,0.53,12/1/2024
653,Murchison Falls,Elephant,218,29.2,184,Dry,Yes,0.64,11/28/2024
654,Bwindi,Lion,214,26.6,50,Wet,No,0.92,9/29/2024
655,Murchison Falls,Lion,121,26.5,234,Dry,Yes,0.62,9/28/2024
656,Kidepo,Gorilla,270,24.7,80,Dry,No,0.84,6/30/2024
657,Kibale,Gorilla,140,34.9,256,Wet,Yes,0.81,7/17/2024
658,Mgahinga,Elephant,304,34.1,115,Dry,No,0.94,12/2/2024
659,Queen Elizabeth,Elephant,393,24.5,116,Wet,Yes,0.78,8/6/2024
660,Kidepo,Leopard,188,25.6,67,Dry,Yes,0.78,12/16/2024
661,Mgahinga,Lion,461,20.3,268,Dry,No,0.99,3/15/2024
662,Kibale,Leopard,489,20.7,34,Dry,Yes,0.66,3/15/2024
663,Kibale,Elephant,411,23.4,211,Wet,No,0.72,11/22/2024
664,Kibale,Gorilla,97,31.2,54,Dry,Yes,0.51,11/9/2024
665,Lake Mburo,Gorilla,330,27.6,118,Dry,Yes,0.84,7/2/2024
666,Murchison Falls,Hippo,419,26.1,257,Wet,No,0.59,7/17/2024
667,Bwindi,Buffalo,90,20.8,115,Dry,No,0.87,1/8/2024
668,Kidepo,Buffalo,133,30.6,103,Dry,Yes,0.59,8/12/2024
669,Mgahinga,Leopard,270,29.7,234,Dry,No,0.7,1/22/2024
670,Lake Mburo,Hippo,442,24.5,160,Wet,Yes,0.76,8/19/2024
671,Bwindi,Chimpanzee,469,18.7,125,Wet,Yes,0.77,9/21/2024
672,Mgahinga,Hippo,45,21.2,225,Wet,No,0.88,5/26/2024
673,Bwindi,Lion,236,23,27,Dry,No,0.91,8/19/2024
674,Murchison Falls,Hippo,276,19.9,299,Dry,No,0.7,8/18/2024
675,Murchison Falls,Lion,252,28,103,Wet,Yes,0.62,12/20/2024
676,Kibale,Hippo,427,20.8,63,Dry,Yes,0.85,11/20/2024
677,Kidepo,Elephant,288,30,261,Dry,No,0.77,1/23/2024
678,Mgahinga,Lion,487,23.7,76,Dry,Yes,0.59,12/30/2024
679,Murchison Falls,Buffalo,177,23.3,228,Wet,Yes,0.56,3/8/2024
680,Queen Elizabeth,Elephant,338,31,6,Wet,No,0.92,10/5/2024
681,Mgahinga,Elephant,331,33,121,Dry,No,0.72,8/14/2024
682,Murchison Falls,Leopard,327,18.1,280,Wet,Yes,0.52,3/16/2024
683,Murchison Falls,Hippo,198,18.6,16,Wet,No,0.95,1/26/2024
684,Murchison Falls,Buffalo,111,20.7,145,Dry,No,0.87,7/3/2024
685,Murchison Falls,Elephant,413,23.1,188,Wet,Yes,0.87,10/8/2024
686,Murchison Falls,Gorilla,261,20.3,140,Wet,No,0.76,12/22/2024
687,Queen Elizabeth,Leopard,49,19.9,270,Dry,No,0.85,11/5/2024
688,Mgahinga,Hippo,167,25.3,162,Wet,No,0.95,11/10/2024
689,Lake Mburo,Buffalo,286,30.4,254,Wet,Yes,0.93,4/29/2024
690,Kibale,Gorilla,119,18,12,Wet,Yes,0.86,4/16/2024
691,Mgahinga,Leopard,232,25,170,Wet,Yes,0.51,4/13/2024
692,Kibale,Gorilla,150,31.4,157,Wet,No,0.88,2/28/2024
693,Kibale,Gorilla,194,24.7,291,Dry,Yes,0.6,6/22/2024
694,Kibale,Buffalo,489,26.1,18,Dry,No,0.58,8/23/2024
695,Mgahinga,Leopard,478,23.7,211,Dry,No,0.78,12/13/2024
696,Kidepo,Leopard,294,18.3,295,Wet,No,0.53,3/17/2024
697,Kidepo,Chimpanzee,35,23.8,192,Dry,No,0.59,2/29/2024
698,Mgahinga,Chimpanzee,404,23.2,161,Dry,No,0.7,9/11/2024
699,Queen Elizabeth,Gorilla,251,32.1,154,Dry,No,0.59,7/10/2024
700,Mgahinga,Elephant,418,21.4,47,Wet,Yes,0.89,9/13/2024
701,Queen Elizabeth,Lion,194,33.7,268,Wet,No,0.57,2/20/2024
702,Mgahinga,Leopard,366,34.9,105,Dry,No,0.69,9/24/2024
703,Murchison Falls,Elephant,179,33.8,44,Wet,No,0.94,2/22/2024
704,Lake Mburo,Chimpanzee,357,30.7,11,Wet,Yes,0.66,4/8/2024
705,Kidepo,Gorilla,292,23.4,225,Dry,No,0.57,5/20/2024
706,Murchison Falls,Elephant,338,27.5,52,Dry,No,0.77,5/18/2024
707,Queen Elizabeth,Hippo,431,22.8,125,Dry,Yes,0.65,6/22/2024
708,Lake Mburo,Buffalo,45,20.2,241,Dry,Yes,0.69,2/14/2024
709,Bwindi,Buffalo,111,30,228,Wet,No,0.66,4/11/2024
710,Kibale,Chimpanzee,363,31.8,40,Wet,Yes,0.55,12/23/2024
711,Bwindi,Elephant,253,23.3,238,Wet,Yes,0.96,3/14/2024
712,Mgahinga,Leopard,152,33.5,200,Dry,No,0.89,6/15/2024
713,Bwindi,Buffalo,35,19.1,57,Wet,No,0.73,3/28/2024
714,Kidepo,Chimpanzee,198,28.3,65,Dry,No,0.9,2/24/2024
715,Kidepo,Leopard,352,19.2,154,Wet,No,0.79,5/2/2024
716,Lake Mburo,Lion,300,20.7,246,Wet,Yes,0.67,12/21/2024
717,Lake Mburo,Buffalo,421,34.7,290,Wet,Yes,0.58,12/8/2024
718,Murchison Falls,Hippo,496,30.1,249,Dry,No,0.66,2/19/2024
719,Mgahinga,Buffalo,110,23.2,207,Dry,Yes,0.84,11/1/2024
720,Mgahinga,Chimpanzee,214,23.6,31,Dry,Yes,0.9,10/24/2024
721,Mgahinga,Hippo,434,18,75,Dry,No,0.76,7/18/2024
722,Lake Mburo,Leopard,248,21.3,162,Wet,No,0.95,8/10/2024
723,Kibale,Gorilla,65,27.9,261,Wet,Yes,0.92,2/1/2024
724,Kidepo,Leopard,47,18,286,Wet,Yes,0.92,1/16/2024
725,Queen Elizabeth,Buffalo,379,28,162,Wet,No,0.69,10/6/2024
726,Queen Elizabeth,Hippo,108,26.1,96,Wet,No,0.91,3/19/2024
727,Kidepo,Chimpanzee,363,20.1,5,Dry,Yes,0.57,9/6/2024
728,Kibale,Buffalo,89,19.4,212,Wet,No,0.81,8/20/2024
729,Lake Mburo,Buffalo,302,31.9,196,Wet,Yes,0.59,11/5/2024
730,Murchison Falls,Leopard,275,32.4,121,Wet,No,0.95,10/22/2024
731,Kidepo,Elephant,39,27.7,188,Dry,No,0.97,2/10/2024
732,Queen Elizabeth,Hippo,394,26.9,143,Wet,Yes,0.76,11/8/2024
733,Murchison Falls,Lion,261,28.7,39,Wet,Yes,0.94,9/30/2024
734,Mgahinga,Elephant,260,25.7,240,Wet,No,0.67,5/30/2024
735,Kidepo,Lion,38,29.8,155,Wet,Yes,0.81,10/23/2024
736,Queen Elizabeth,Leopard,46,29.2,149,Dry,No,0.74,3/5/2024
737,Lake Mburo,Elephant,455,31.3,129,Dry,No,0.63,5/11/2024
738,Murchison Falls,Hippo,77,28.3,77,Wet,No,0.9,5/13/2024
739,Mgahinga,Hippo,140,26.2,270,Dry,No,0.98,3/15/2024
740,Lake Mburo,Chimpanzee,98,32.2,211,Wet,Yes,0.82,11/22/2024
741,Queen Elizabeth,Lion,315,30.5,176,Dry,No,0.87,2/29/2024
742,Murchison Falls,Lion,257,24.8,154,Wet,Yes,0.69,12/27/2024
743,Bwindi,Buffalo,154,20.5,222,Dry,No,0.95,8/17/2024
744,Bwindi,Hippo,181,34.3,21,Dry,No,0.97,8/9/2024
745,Lake Mburo,Hippo,459,22.6,138,Wet,Yes,0.63,10/26/2024
746,Bwindi,Buffalo,415,29.5,123,Dry,No,0.83,4/2/2024
747,Kidepo,Leopard,25,29.4,34,Dry,No,0.55,2/23/2024
748,Kibale,Buffalo,199,21.7,145,Wet,Yes,0.52,11/13/2024
749,Murchison Falls,Elephant,500,28.1,111,Dry,Yes,0.54,11/5/2024
750,Queen Elizabeth,Buffalo,356,31,289,Dry,Yes,0.84,5/9/2024
751,Kidepo,Buffalo,358,33.9,232,Wet,No,0.84,12/7/2024
752,Mgahinga,Chimpanzee,185,22.4,37,Wet,Yes,0.69,6/19/2024
753,Murchison Falls,Gorilla,436,22.5,225,Dry,No,0.98,4/12/2024
754,Lake Mburo,Buffalo,111,29,55,Dry,No,0.61,11/25/2024
755,Murchison Falls,Buffalo,386,22.4,17,Dry,Yes,0.78,5/8/2024
756,Mgahinga,Buffalo,29,33.2,76,Dry,Yes,0.83,5/16/2024
757,Queen Elizabeth,Hippo,188,33.4,294,Dry,No,0.73,7/25/2024
758,Mgahinga,Hippo,419,31.8,35,Dry,Yes,0.69,12/18/2024
759,Mgahinga,Chimpanzee,266,20.1,274,Wet,No,0.83,7/24/2024
760,Murchison Falls,Hippo,351,19.5,273,Wet,Yes,0.91,5/28/2024
761,Kibale,Lion,110,27.4,196,Dry,No,0.84,2/24/2024
762,Kibale,Hippo,203,26.3,224,Dry,Yes,0.52,1/13/2024
763,Kibale,Leopard,142,26.3,32,Wet,No,0.76,8/18/2024
764,Murchison Falls,Elephant,193,19,21,Wet,Yes,0.6,11/30/2024
765,Kibale,Leopard,254,34,274,Dry,Yes,0.95,1/19/2024
766,Kibale,Lion,270,29.1,241,Dry,Yes,0.84,3/7/2024
767,Murchison Falls,Lion,343,18.8,157,Dry,No,0.8,10/29/2024
768,Murchison Falls,Chimpanzee,438,19.8,254,Dry,Yes,0.89,8/6/2024
769,Kidepo,Chimpanzee,447,34.7,205,Wet,Yes,0.98,10/21/2024
770,Lake Mburo,Lion,184,32.2,109,Dry,Yes,0.66,3/2/2024
771,Kidepo,Lion,407,25.1,189,Dry,No,0.62,10/24/2024
772,Murchison Falls,Lion,71,31.4,192,Dry,Yes,0.93,2/11/2024
773,Murchison Falls,Elephant,111,33.7,145,Wet,No,0.84,4/15/2024
774,Queen Elizabeth,Hippo,158,26.9,210,Dry,Yes,0.8,1/20/2024
775,Lake Mburo,Lion,387,26.5,45,Wet,No,0.71,10/12/2024
776,Queen Elizabeth,Lion,80,34.8,48,Wet,Yes,0.73,11/16/2024
777,Kibale,Lion,161,18.9,57,Dry,No,0.74,3/22/2024
778,Kibale,Elephant,47,29,145,Dry,No,0.62,11/11/2024
779,Mgahinga,Chimpanzee,252,18.7,26,Dry,Yes,0.88,9/5/2024
780,Lake Mburo,Elephant,56,33.2,227,Wet,No,0.6,12/12/2024
781,Kidepo,Lion,418,19.9,116,Dry,Yes,0.86,4/12/2024
782,Bwindi,Lion,57,26,248,Dry,No,0.57,11/8/2024
783,Bwindi,Lion,218,24.3,234,Dry,No,0.98,4/13/2024
784,Kidepo,Lion,36,29.8,30,Wet,Yes,0.55,8/26/2024
785,Bwindi,Buffalo,107,30.9,112,Wet,Yes,0.89,11/22/2024
786,Lake Mburo,Lion,315,34.5,117,Dry,No,0.92,9/7/2024
787,Mgahinga,Lion,322,26,236,Wet,Yes,0.86,5/6/2024
788,Queen Elizabeth,Gorilla,242,27.9,76,Dry,No,0.98,1/21/2024
789,Bwindi,Hippo,413,26.6,217,Wet,No,0.9,12/22/2024
790,Mgahinga,Elephant,251,26.4,42,Dry,No,0.97,3/8/2024
791,Kidepo,Gorilla,142,29,46,Dry,No,0.83,3/23/2024
792,Kibale,Buffalo,459,27.7,298,Dry,No,0.73,3/11/2024
793,Mgahinga,Hippo,227,21.1,189,Wet,Yes,0.92,2/6/2024
794,Bwindi,Hippo,190,27,151,Wet,No,0.84,11/9/2024
795,Lake Mburo,Leopard,426,21.5,41,Wet,Yes,0.75,12/11/2024
796,Kidepo,Elephant,76,24.5,238,Dry,No,0.68,11/27/2024
797,Lake Mburo,Hippo,54,27.5,104,Dry,No,0.62,2/28/2024
798,Kibale,Buffalo,397,34,297,Dry,Yes,0.66,5/16/2024
799,Lake Mburo,Hippo,236,22.7,32,Wet,No,0.72,9/13/2024
800,Lake Mburo,Chimpanzee,82,26,272,Wet,No,0.8,12/10/2024
801,Kibale,Chimpanzee,472,19.1,234,Dry,Yes,0.69,4/1/2024
802,Kidepo,Elephant,75,20.8,57,Dry,No,0.57,4/14/2024
803,Lake Mburo,Hippo,31,23,277,Dry,No,0.67,8/15/2024
804,Kibale,Hippo,30,23,32,Dry,Yes,0.91,9/23/2024
805,Kibale,Gorilla,230,27.8,167,Wet,No,0.72,10/17/2024
806,Queen Elizabeth,Chimpanzee,176,20.9,133,Dry,No,0.68,5/27/2024
807,Mgahinga,Chimpanzee,44,20.5,145,Wet,Yes,0.8,3/23/2024
808,Kibale,Leopard,166,21.1,89,Dry,Yes,0.62,1/22/2024
809,Kidepo,Leopard,84,25.5,189,Dry,Yes,0.78,1/18/2024
810,Kibale,Gorilla,196,20.5,229,Dry,No,0.56,1/13/2024
811,Bwindi,Buffalo,413,20.5,234,Wet,Yes,0.5,10/6/2024
812,Lake Mburo,Gorilla,351,30,242,Wet,Yes,0.89,8/14/2024
813,Kidepo,Hippo,77,30.4,20,Dry,Yes,0.65,7/24/2024
814,Lake Mburo,Chimpanzee,132,25.6,47,Wet,Yes,0.8,4/9/2024
815,Lake Mburo,Leopard,133,31.3,142,Dry,Yes,0.54,8/16/2024
816,Kibale,Hippo,64,34.6,201,Dry,No,0.66,11/5/2024
817,Lake Mburo,Elephant,485,29.3,203,Dry,No,0.68,7/9/2024
818,Murchison Falls,Gorilla,196,24,228,Dry,Yes,0.86,8/15/2024
819,Kibale,Buffalo,431,25.5,83,Wet,No,0.57,10/27/2024
820,Lake Mburo,Elephant,93,21.5,243,Wet,Yes,0.96,10/29/2024
821,Mgahinga,Buffalo,65,18.1,139,Wet,Yes,0.77,12/29/2024
822,Lake Mburo,Chimpanzee,488,20.3,95,Wet,No,0.77,1/22/2024
823,Mgahinga,Chimpanzee,174,32.2,155,Wet,No,0.61,1/2/2024
824,Queen Elizabeth,Gorilla,173,34.3,241,Dry,No,0.7,9/8/2024
825,Kibale,Hippo,145,18.5,141,Wet,Yes,0.79,7/4/2024
826,Lake Mburo,Buffalo,309,25.4,132,Wet,Yes,0.68,10/21/2024
827,Murchison Falls,Chimpanzee,152,20.8,29,Dry,No,0.73,12/20/2024
828,Queen Elizabeth,Gorilla,103,18.9,184,Wet,No,0.52,5/29/2024
829,Lake Mburo,Hippo,499,19.3,99,Dry,Yes,0.79,3/26/2024
830,Lake Mburo,Gorilla,466,23.4,154,Wet,No,0.55,10/23/2024
831,Kidepo,Chimpanzee,93,18.2,265,Wet,No,0.88,7/29/2024
832,Kidepo,Lion,72,21.7,257,Dry,Yes,0.89,10/13/2024
833,Lake Mburo,Hippo,445,34.2,272,Dry,No,0.73,2/9/2024
834,Murchison Falls,Chimpanzee,87,33.7,245,Wet,No,0.84,3/12/2024
835,Mgahinga,Buffalo,475,34.8,267,Wet,Yes,0.85,1/15/2024
836,Kibale,Chimpanzee,80,21.8,72,Dry,No,0.56,3/7/2024
837,Murchison Falls,Buffalo,373,31,57,Dry,Yes,0.88,8/8/2024
838,Murchison Falls,Lion,75,18.6,262,Dry,No,0.56,5/9/2024
839,Murchison Falls,Elephant,174,29.3,49,Dry,Yes,0.79,4/12/2024
840,Queen Elizabeth,Hippo,199,18.5,74,Wet,No,0.67,9/13/2024
841,Mgahinga,Hippo,333,22.1,291,Dry,Yes,0.9,1/8/2024
842,Lake Mburo,Lion,386,21.3,144,Dry,Yes,0.98,2/20/2024
843,Queen Elizabeth,Leopard,455,30,187,Dry,No,0.83,2/24/2024
844,Queen Elizabeth,Chimpanzee,201,34.7,217,Dry,Yes,0.7,6/9/2024
845,Murchison Falls,Buffalo,76,26.8,253,Wet,No,0.77,1/21/2024
846,Murchison Falls,Gorilla,272,20,145,Wet,No,0.84,8/15/2024
847,Queen Elizabeth,Leopard,228,22.9,219,Dry,Yes,0.94,8/31/2024
848,Kibale,Gorilla,111,18.2,251,Dry,No,0.71,12/3/2024
849,Kibale,Elephant,81,20.4,205,Dry,Yes,0.53,4/11/2024
850,Kidepo,Lion,324,32.3,206,Dry,Yes,0.91,9/12/2024
851,Kidepo,Chimpanzee,385,31,139,Wet,No,0.73,11/4/2024
852,Bwindi,Buffalo,281,22.7,232,Dry,Yes,0.62,9/11/2024
853,Queen Elizabeth,Hippo,88,18.5,27,Dry,No,0.83,4/1/2024
854,Bwindi,Leopard,367,23.6,155,Dry,Yes,0.82,9/23/2024
855,Mgahinga,Buffalo,425,25.9,150,Wet,No,0.75,10/4/2024
856,Kidepo,Chimpanzee,460,27.2,9,Dry,No,0.93,3/1/2024
857,Bwindi,Buffalo,181,32.5,226,Wet,Yes,0.52,10/12/2024
858,Kibale,Chimpanzee,419,23.2,84,Wet,No,0.57,7/18/2024
859,Bwindi,Chimpanzee,76,27.7,251,Wet,No,0.78,3/21/2024
860,Lake Mburo,Elephant,220,22.5,193,Wet,No,0.66,1/15/2024
861,Lake Mburo,Elephant,85,32.2,178,Dry,No,0.69,8/7/2024
862,Kidepo,Gorilla,230,24,125,Dry,Yes,0.82,10/30/2024
863,Murchison Falls,Hippo,53,32.8,58,Wet,Yes,0.51,6/15/2024
864,Murchison Falls,Buffalo,356,32.7,290,Wet,No,0.51,8/28/2024
865,Lake Mburo,Elephant,182,24.4,199,Wet,Yes,0.9,2/21/2024
866,Kibale,Hippo,125,23.7,257,Wet,Yes,0.8,7/5/2024
867,Bwindi,Lion,274,28.8,38,Dry,No,0.63,6/1/2024
868,Lake Mburo,Buffalo,431,21.8,47,Dry,No,0.63,10/17/2024
869,Mgahinga,Leopard,263,25.3,177,Dry,No,0.75,6/2/2024
870,Bwindi,Hippo,296,23.3,212,Wet,No,0.81,8/20/2024
871,Kibale,Chimpanzee,300,21.1,9,Dry,No,0.6,8/27/2024
872,Kidepo,Hippo,292,31.8,222,Dry,Yes,0.68,3/16/2024
873,Queen Elizabeth,Lion,402,29.7,153,Wet,No,0.66,2/2/2024
874,Kibale,Lion,453,25,146,Dry,No,0.84,4/30/2024
875,Bwindi,Lion,78,20.5,14,Dry,No,0.73,10/13/2024
876,Bwindi,Buffalo,351,33.4,103,Dry,No,0.57,5/12/2024
877,Mgahinga,Chimpanzee,162,29.2,90,Dry,No,0.88,1/29/2024
878,Mgahinga,Elephant,180,28.2,32,Wet,No,0.83,2/16/2024
879,Bwindi,Chimpanzee,390,32.3,120,Dry,Yes,0.76,10/24/2024
880,Mgahinga,Leopard,148,26.4,46,Dry,Yes,0.88,6/9/2024
881,Kidepo,Chimpanzee,319,30.5,120,Wet,Yes,0.57,3/30/2024
882,Queen Elizabeth,Gorilla,245,24.9,28,Wet,No,0.84,2/27/2024
883,Kidepo,Leopard,236,26.1,126,Wet,Yes,0.68,7/7/2024
884,Mgahinga,Gorilla,30,29,17,Dry,Yes,0.62,7/15/2024
885,Kidepo,Hippo,378,24.2,62,Dry,No,0.69,7/20/2024
886,Kidepo,Gorilla,66,33.9,120,Wet,Yes,0.92,3/23/2024
887,Bwindi,Hippo,182,33,208,Dry,No,0.92,9/8/2024
888,Bwindi,Hippo,231,33.8,170,Wet,Yes,0.9,12/23/2024
889,Kidepo,Leopard,53,24,280,Wet,No,0.84,1/27/2024
890,Kibale,Hippo,114,28.7,69,Dry,No,0.6,6/5/2024
891,Kidepo,Leopard,62,19.9,127,Dry,No,0.89,6/12/2024
892,Bwindi,Buffalo,467,30.5,133,Dry,No,0.89,4/11/2024
893,Murchison Falls,Buffalo,208,21.1,193,Dry,Yes,0.96,10/12/2024
894,Kibale,Leopard,340,21.9,45,Wet,Yes,0.63,3/27/2024
895,Murchison Falls,Buffalo,336,25.3,133,Dry,Yes,0.97,3/28/2024
896,Lake Mburo,Elephant,27,30.2,222,Wet,No,0.56,12/31/2024
897,Queen Elizabeth,Lion,461,31.8,136,Wet,No,0.69,8/8/2024
898,Mgahinga,Lion,327,21.7,144,Dry,No,0.59,3/15/2024
899,Murchison Falls,Gorilla,154,22,230,Dry,No,0.79,11/27/2024
900,Bwindi,Elephant,25,26,165,Wet,Yes,0.85,12/28/2024
901,Bwindi,Hippo,325,22.4,48,Dry,Yes,0.66,4/30/2024
902,Bwindi,Gorilla,330,34,23,Dry,No,0.75,7/14/2024
903,Kidepo,Buffalo,363,24.3,286,Dry,Yes,0.63,9/14/2024
904,Bwindi,Gorilla,469,26,45,Wet,No,0.57,2/29/2024
905,Kidepo,Elephant,85,26.5,143,Wet,No,0.64,5/14/2024
906,Lake Mburo,Chimpanzee,409,33.8,264,Wet,No,0.94,6/10/2024
907,Kibale,Buffalo,411,34.2,284,Wet,Yes,0.59,1/28/2024
908,Queen Elizabeth,Lion,38,26,83,Wet,No,0.56,9/10/2024
909,Murchison Falls,Buffalo,202,34.8,287,Wet,No,0.74,3/16/2024
910,Murchison Falls,Gorilla,67,21.5,145,Dry,Yes,0.87,5/19/2024
911,Lake Mburo,Hippo,319,21.6,2,Dry,No,0.95,5/6/2024
912,Mgahinga,Buffalo,366,19.6,168,Dry,No,0.83,12/14/2024
913,Murchison Falls,Buffalo,211,28,54,Wet,Yes,0.51,8/23/2024
914,Mgahinga,Hippo,357,26.2,137,Dry,No,0.98,12/1/2024
915,Lake Mburo,Buffalo,186,34.1,291,Dry,Yes,0.92,11/25/2024
916,Kidepo,Gorilla,428,18.9,36,Wet,Yes,0.7,4/1/2024
917,Queen Elizabeth,Chimpanzee,463,24.8,10,Dry,Yes,0.69,7/25/2024
918,Kidepo,Hippo,405,34.2,78,Dry,No,0.74,8/9/2024
919,Kibale,Chimpanzee,491,23.3,67,Wet,Yes,0.91,9/19/2024
920,Queen Elizabeth,Buffalo,248,33.1,243,Wet,No,0.54,8/4/2024
921,Mgahinga,Gorilla,334,21.2,218,Dry,Yes,0.75,8/25/2024
922,Kibale,Lion,351,29.7,79,Wet,Yes,0.64,8/11/2024
923,Murchison Falls,Chimpanzee,264,23.1,65,Wet,Yes,0.76,5/31/2024
924,Lake Mburo,Elephant,302,19.3,23,Dry,No,0.7,8/25/2024
925,Kibale,Hippo,311,31.8,181,Wet,Yes,0.88,1/9/2024
926,Murchison Falls,Hippo,358,25.9,93,Wet,Yes,0.54,12/26/2024
927,Kidepo,Gorilla,320,30.3,230,Wet,No,0.97,4/5/2024
928,Queen Elizabeth,Lion,60,30.7,132,Dry,No,0.76,1/3/2024
929,Bwindi,Elephant,26,20.9,244,Wet,No,0.93,11/4/2024
930,Kibale,Buffalo,175,28.5,184,Wet,No,0.54,3/10/2024
931,Murchison Falls,Lion,77,31.9,96,Dry,Yes,0.74,3/15/2024
932,Kibale,Lion,243,32.3,275,Dry,Yes,0.65,8/25/2024
933,Queen Elizabeth,Buffalo,236,18.4,85,Dry,No,0.97,8/29/2024
934,Murchison Falls,Chimpanzee,250,27.9,103,Wet,No,0.52,1/5/2024
935,Murchison Falls,Hippo,453,30.1,212,Wet,No,0.52,7/23/2024
936,Bwindi,Leopard,322,30.3,249,Dry,Yes,0.76,8/4/2024
937,Lake Mburo,Gorilla,303,19.1,213,Wet,Yes,0.74,11/26/2024
938,Kidepo,Buffalo,377,25.4,82,Wet,Yes,0.73,8/12/2024
939,Queen Elizabeth,Leopard,132,28,173,Wet,Yes,0.93,12/30/2024
940,Bwindi,Buffalo,446,34,184,Wet,Yes,0.8,5/24/2024
941,Kibale,Hippo,64,29.3,66,Dry,Yes,0.58,9/8/2024
942,Murchison Falls,Chimpanzee,232,34,252,Wet,Yes,0.6,1/25/2024
943,Murchison Falls,Gorilla,471,22.4,81,Dry,Yes,0.9,6/21/2024
944,Bwindi,Elephant,336,21.9,287,Dry,No,0.63,6/23/2024
945,Mgahinga,Gorilla,413,18.8,285,Wet,Yes,0.92,9/20/2024
946,Lake Mburo,Hippo,73,30,224,Wet,Yes,0.98,11/8/2024
947,Lake Mburo,Chimpanzee,459,34.1,287,Dry,Yes,0.58,3/1/2024
948,Mgahinga,Lion,486,24.1,149,Wet,No,0.86,2/20/2024
949,Queen Elizabeth,Hippo,206,23.7,70,Dry,Yes,0.72,7/31/2024
950,Mgahinga,Chimpanzee,23,22.2,242,Wet,No,0.75,2/13/2024
951,Kidepo,Gorilla,386,30.8,184,Dry,Yes,0.87,9/28/2024
952,Bwindi,Chimpanzee,136,20.3,219,Wet,No,0.94,9/21/2024
953,Mgahinga,Hippo,205,34,226,Dry,Yes,0.85,9/21/2024
954,Murchison Falls,Elephant,193,23.4,84,Wet,Yes,0.69,1/19/2024
955,Kibale,Hippo,97,33.3,29,Wet,No,0.7,12/14/2024
956,Kibale,Leopard,467,23.2,160,Wet,Yes,0.91,9/27/2024
957,Lake Mburo,Lion,378,24.9,105,Wet,No,0.93,11/28/2024
958,Bwindi,Chimpanzee,121,33,43,Dry,No,0.69,3/5/2024
959,Lake Mburo,Leopard,165,21.6,261,Wet,No,0.87,3/22/2024
960,Murchison Falls,Elephant,475,31.5,132,Dry,No,0.86,9/15/2024
961,Murchison Falls,Hippo,50,32.3,132,Wet,Yes,0.52,11/29/2024
962,Murchison Falls,Buffalo,172,27.7,2,Wet,No,0.98,10/24/2024
963,Lake Mburo,Hippo,477,33.9,273,Dry,No,0.65,12/7/2024
964,Mgahinga,Chimpanzee,386,27.7,71,Wet,Yes,0.55,9/21/2024
965,Lake Mburo,Lion,441,31.2,232,Dry,Yes,0.85,7/29/2024
966,Murchison Falls,Elephant,51,25.2,66,Wet,Yes,0.72,7/8/2024
967,Kibale,Leopard,226,28,265,Wet,No,0.79,11/21/2024
968,Bwindi,Buffalo,372,33.8,250,Wet,Yes,0.57,3/6/2024
969,Bwindi,Hippo,254,20.2,262,Dry,Yes,0.72,1/17/2024
970,Kibale,Lion,306,24.3,60,Wet,Yes,0.56,10/19/2024
971,Kidepo,Elephant,287,20.6,190,Wet,No,0.65,9/5/2024
972,Murchison Falls,Chimpanzee,93,20.4,215,Dry,No,0.94,4/20/2024
973,Queen Elizabeth,Chimpanzee,398,26.3,62,Wet,Yes,0.93,8/1/2024
974,Bwindi,Leopard,178,27.6,172,Wet,No,0.91,11/6/2024
975,Queen Elizabeth,Chimpanzee,90,26.6,235,Wet,No,0.57,6/15/2024
976,Murchison Falls,Chimpanzee,339,29.3,209,Wet,Yes,0.94,6/22/2024
977,Lake Mburo,Elephant,363,33.1,142,Dry,Yes,0.85,10/19/2024
978,Kibale,Chimpanzee,415,30,287,Dry,Yes,0.59,11/12/2024
979,Lake Mburo,Leopard,407,18.9,291,Dry,No,0.75,1/10/2024
980,Murchison Falls,Hippo,499,27,9,Wet,Yes,0.62,12/27/2024
981,Mgahinga,Leopard,247,19.4,273,Wet,No,0.79,9/8/2024
982,Mgahinga,Elephant,194,25.4,212,Dry,No,0.69,2/16/2024
983,Murchison Falls,Elephant,297,20.9,73,Dry,No,0.88,3/19/2024
984,Kidepo,Buffalo,367,20.9,166,Dry,Yes,0.85,6/1/2024
985,Bwindi,Elephant,183,20.4,165,Wet,No,0.96,3/2/2024
986,Murchison Falls,Lion,142,30.8,300,Dry,No,0.75,9/15/2024
987,Bwindi,Elephant,157,19,237,Wet,Yes,0.74,7/27/2024
988,Kibale,Lion,487,33.1,137,Dry,Yes,0.87,11/29/2024
989,Mgahinga,Lion,175,27.7,228,Dry,Yes,0.88,3/13/2024
990,Kidepo,Leopard,106,31.3,275,Wet,No,0.52,8/25/2024
991,Mgahinga,Leopard,168,29.1,85,Dry,Yes,0.96,9/3/2024
992,Kidepo,Leopard,148,32.3,194,Wet,Yes,0.79,9/18/2024
993,Kidepo,Elephant,102,30.6,288,Dry,No,0.54,12/23/2024
994,Murchison Falls,Chimpanzee,91,30.3,143,Wet,Yes,0.8,6/11/2024
995,Kibale,Gorilla,345,22.4,231,Wet,Yes,0.82,6/13/2024
996,Kidepo,Lion,255,34.3,168,Dry,Yes,0.82,1/2/2024
997,Lake Mburo,Buffalo,22,33.3,88,Wet,No,0.87,10/2/2024
998,Murchison Falls,Chimpanzee,468,29,39,Dry,No,0.83,6/29/2024
999,Mgahinga,Buffalo,443,28.2,198,Dry,Yes,0.56,7/8/2024
1000,Queen Elizabeth,Buffalo,24,21.8,10,Wet,No,,11/10/2024
1001,Kibale,Gorilla,433,30.2,119,Wet,No,0.52,9/9/2024
1002,Kibale,Hippo,330,21.6,100,Wet,Yes,0.93,10/18/2024
1003,Lake Mburo,Buffalo,107,27.4,289,Dry,Yes,0.79,2/3/2024
1004,Queen Elizabeth,Gorilla,497,27.7,116,Wet,Yes,0.92,1/12/2024
1005,Kibale,Hippo,292,28.4,286,Wet,Yes,0.96,11/24/2024
1006,Kibale,Hippo,46,32.5,165,Wet,No,0.63,12/14/2024
1007,Lake Mburo,Buffalo,273,24.1,22,Dry,Yes,0.64,8/3/2024
1008,Lake Mburo,Buffalo,181,18.1,99,Wet,Yes,0.93,1/13/2024
1009,Kibale,Lion,373,25.2,38,Dry,Yes,0.58,6/8/2024
1010,Murchison Falls,Hippo,340,19.6,245,Wet,Yes,0.79,11/16/2024
1011,Kidepo,Chimpanzee,148,22.2,242,Dry,No,0.91,6/19/2024
1012,Lake Mburo,Chimpanzee,141,34,224,Dry,No,0.78,2/13/2024
1013,Murchison Falls,Elephant,213,23.3,33,Dry,Yes,0.95,8/14/2024
1014,Murchison Falls,Gorilla,332,28.6,33,Dry,Yes,0.77,5/30/2024
1015,Mgahinga,Buffalo,225,19.6,210,Dry,Yes,0.72,8/25/2024
1016,Mgahinga,Buffalo,470,28.5,51,Wet,Yes,0.72,6/17/2024
1017,Lake Mburo,Lion,75,19.7,34,Dry,Yes,0.81,5/11/2024
1018,Kidepo,Buffalo,266,30.3,227,Dry,Yes,0.57,1/23/2024
1019,Murchison Falls,Lion,179,27.9,262,Wet,No,0.79,10/4/2024
1020,Mgahinga,Lion,95,26,175,Wet,No,0.98,9/22/2024
1021,Lake Mburo,Hippo,367,20.5,121,Dry,No,0.67,4/12/2024
1022,Kibale,Lion,422,19.2,96,Wet,No,0.79,6/18/2024
1023,Mgahinga,Leopard,309,34.4,153,Wet,No,0.58,8/20/2024
1024,Mgahinga,Elephant,273,21.7,1,Dry,Yes,0.73,4/19/2024
1025,Queen Elizabeth,Buffalo,396,31.1,169,Wet,Yes,0.7,1/4/2024
1026,Kidepo,Elephant,57,24.1,284,Dry,Yes,0.64,4/9/2024
1027,Kibale,Leopard,487,31,22,Dry,Yes,0.6,3/30/2024
1028,Queen Elizabeth,Gorilla,388,21,283,Dry,Yes,0.6,3/31/2024
1029,Mgahinga,Gorilla,486,19.7,70,Wet,Yes,0.67,4/17/2024
1030,Kidepo,Buffalo,142,24.3,190,Dry,No,0.93,2/3/2024
1031,Murchison Falls,Lion,471,33.7,97,Dry,No,0.84,6/11/2024
1032,Lake Mburo,Buffalo,345,22.2,23,Dry,No,0.89,6/16/2024
1033,Queen Elizabeth,Elephant,342,31.5,64,Wet,Yes,0.86,8/28/2024
1034,Mgahinga,Hippo,334,19.1,260,Wet,No,0.74,8/25/2024
1035,Queen Elizabeth,Gorilla,384,24.4,247,Wet,No,0.63,7/24/2024
1036,Kibale,Chimpanzee,318,29,106,Dry,Yes,0.72,4/30/2024
1037,Bwindi,Lion,176,25.2,193,Dry,No,0.62,2/13/2024
1038,Queen Elizabeth,Chimpanzee,63,23,265,Wet,Yes,0.79,8/26/2024
1039,Lake Mburo,Leopard,192,25.2,239,Wet,No,0.68,9/11/2024
1040,Kidepo,Gorilla,215,18.4,226,Dry,No,0.82,7/2/2024
1041,Murchison Falls,Gorilla,451,26.5,279,Dry,No,0.95,2/20/2024
1042,Murchison Falls,Elephant,204,18.7,102,Wet,Yes,0.83,5/8/2024
1043,Kidepo,Hippo,437,31.1,140,Dry,Yes,0.99,10/5/2024
1044,Kidepo,Elephant,414,23.1,177,Wet,No,0.9,12/1/2024
1045,Murchison Falls,Buffalo,354,26.7,76,Wet,Yes,0.61,4/17/2024
1046,Bwindi,Lion,284,28,282,Wet,No,0.67,2/13/2024
1047,Kidepo,Chimpanzee,116,25.3,213,Dry,No,0.72,10/12/2024
1048,Murchison Falls,Gorilla,91,27.8,65,Wet,Yes,0.74,12/3/2024
1049,Mgahinga,Gorilla,193,21.8,217,Wet,No,0.66,1/12/2024
1050,Lake Mburo,Chimpanzee,36,33.7,78,Wet,No,0.98,4/14/2024
1051,Bwindi,Elephant,293,24.6,243,Dry,No,0.78,8/19/2024
1052,Kibale,Gorilla,67,20.9,283,Dry,Yes,0.9,11/4/2024
1053,Bwindi,Elephant,115,21.4,197,Wet,Yes,0.61,12/3/2024
1054,Lake Mburo,Elephant,252,19,265,Dry,Yes,0.66,7/29/2024
1055,Bwindi,Lion,76,20.2,214,Wet,Yes,0.69,4/15/2024
1056,Queen Elizabeth,Chimpanzee,125,23.3,243,Dry,No,0.79,9/14/2024
1057,Kibale,Hippo,254,22.7,3,Dry,No,0.53,7/23/2024
1058,Lake Mburo,Chimpanzee,146,26.9,291,Wet,No,0.73,1/21/2024
1059,Kibale,Elephant,167,29,233,Wet,No,0.69,3/30/2024
1060,Bwindi,Lion,111,33.3,221,Wet,No,0.95,4/3/2024
1061,Kibale,Leopard,68,24.7,22,Dry,Yes,0.63,11/17/2024
1062,Lake Mburo,Gorilla,361,33.6,111,Wet,No,0.99,10/10/2024
1063,Murchison Falls,Gorilla,59,30.8,258,Wet,No,0.72,5/9/2024
1064,Queen Elizabeth,Leopard,42,25.9,37,Wet,No,0.67,7/23/2024
1065,Mgahinga,Lion,223,18.6,128,Dry,Yes,0.66,8/25/2024
1066,Bwindi,Buffalo,54,19.4,124,Wet,Yes,0.73,5/22/2024
1067,Mgahinga,Lion,107,32.3,51,Dry,No,0.56,7/19/2024
1068,Queen Elizabeth,Elephant,363,31,139,Dry,No,0.68,4/20/2024
1069,Kibale,Elephant,477,29.5,110,Wet,Yes,0.91,9/24/2024
1070,Kibale,Hippo,386,29.2,52,Wet,No,0.72,11/2/2024
1071,Murchison Falls,Elephant,415,24.4,103,Dry,No,0.95,4/12/2024
1072,Murchison Falls,Elephant,235,18.5,7,Wet,Yes,0.83,2/2/2024
1073,Queen Elizabeth,Elephant,428,32.2,85,Dry,Yes,0.7,2/25/2024
1074,Mgahinga,Gorilla,185,27.6,97,Dry,No,0.96,3/2/2024
1075,Queen Elizabeth,Lion,74,24.1,88,Dry,No,0.82,1/7/2024
1076,Bwindi,Lion,254,21.7,142,Wet,Yes,0.53,4/21/2024
1077,Bwindi,Gorilla,412,28.2,52,Dry,No,0.97,11/3/2024
1078,Kidepo,Hippo,376,24.6,68,Wet,Yes,0.81,12/18/2024
1079,Kidepo,Chimpanzee,361,26.2,171,Dry,No,0.69,11/23/2024
1080,Kibale,Lion,277,28,6,Dry,Yes,0.8,3/4/2024
1081,Kidepo,Lion,397,25.3,124,Dry,Yes,0.57,9/12/2024
1082,Kidepo,Lion,97,24.4,19,Dry,No,0.86,6/17/2024
1083,Queen Elizabeth,Gorilla,182,28.9,20,Wet,No,0.87,4/27/2024
1084,Mgahinga,Hippo,189,23.8,105,Dry,Yes,0.89,12/22/2024
1085,Kibale,Lion,331,32.8,266,Wet,Yes,0.72,1/4/2024
1086,Murchison Falls,Chimpanzee,271,19.2,98,Dry,Yes,0.96,3/5/2024
1087,Murchison Falls,Lion,323,27.3,104,Dry,Yes,0.71,8/27/2024
1088,Kidepo,Lion,389,21.4,217,Dry,Yes,0.65,10/22/2024
1089,Bwindi,Hippo,123,22.6,246,Dry,No,0.7,3/26/2024
1090,Bwindi,Buffalo,236,26.6,221,Dry,No,0.51,7/14/2024
1091,Bwindi,Chimpanzee,62,30.9,153,Dry,Yes,0.63,8/25/2024
1092,Kidepo,Buffalo,165,24.4,246,Dry,No,0.57,8/28/2024
1093,Queen Elizabeth,Lion,489,21.2,6,Wet,No,0.7,7/31/2024
1094,Bwindi,Hippo,211,24.5,157,Dry,No,0.93,3/4/2024
1095,Bwindi,Leopard,103,21.3,223,Wet,No,0.75,9/7/2024
1096,Kibale,Hippo,208,29.8,197,Wet,Yes,0.62,1/18/2024
1097,Mgahinga,Gorilla,343,30,14,Dry,No,0.8,12/14/2024
1098,Queen Elizabeth,Gorilla,146,28.2,82,Dry,Yes,0.88,11/25/2024
1099,Kibale,Buffalo,223,30,41,Dry,No,0.58,8/6/2024
1100,Kidepo,Hippo,174,26.5,272,Wet,No,0.86,2/15/2024
1101,Murchison Falls,Hippo,313,31.2,176,Dry,No,0.87,7/22/2024
1102,Kibale,Gorilla,23,34.8,251,Dry,Yes,0.53,12/22/2024
1103,Bwindi,Leopard,233,29.1,220,Dry,Yes,0.68,12/26/2024
1104,Queen Elizabeth,Lion,269,21.1,56,Wet,Yes,0.59,1/31/2024
1105,Kibale,Lion,434,30.9,132,Wet,No,0.81,11/15/2024
1106,Murchison Falls,Chimpanzee,345,20.8,150,Dry,No,0.56,2/2/2024
1107,Kidepo,Elephant,319,22,248,Dry,Yes,0.53,1/4/2024
1108,Kibale,Leopard,424,34.8,49,Dry,Yes,0.68,9/23/2024
1109,Mgahinga,Gorilla,497,26.3,172,Wet,No,0.68,6/24/2024
1110,Kidepo,Chimpanzee,142,34,204,Wet,Yes,0.98,6/18/2024
1111,Mgahinga,Elephant,21,25.8,205,Dry,Yes,0.79,9/28/2024
1112,Kidepo,Hippo,404,31.9,188,Wet,No,0.75,12/4/2024
1113,Queen Elizabeth,Elephant,346,34.3,164,Dry,No,0.93,6/15/2024
1114,Kibale,Buffalo,139,28.3,204,Dry,No,0.71,8/31/2024
1115,Kibale,Chimpanzee,378,33.4,197,Wet,Yes,0.85,9/23/2024
1116,Lake Mburo,Chimpanzee,458,30.2,16,Dry,No,0.89,6/3/2024
1117,Mgahinga,Hippo,300,34.8,239,Dry,No,0.97,9/3/2024
1118,Kibale,Leopard,143,22.1,87,Dry,Yes,0.71,1/15/2024
1119,Queen Elizabeth,Gorilla,482,24.5,143,Dry,No,0.83,12/9/2024
1120,Murchison Falls,Hippo,89,33.7,251,Dry,No,0.93,10/21/2024
1121,Mgahinga,Leopard,53,28.9,193,Wet,No,0.9,4/24/2024
1122,Kidepo,Elephant,168,19.5,45,Wet,Yes,0.86,2/29/2024
1123,Lake Mburo,Gorilla,85,32.5,194,Dry,No,0.53,10/1/2024
1124,Queen Elizabeth,Chimpanzee,218,34.7,163,Wet,Yes,0.75,11/4/2024
1125,Lake Mburo,Lion,74,24.7,275,Wet,No,0.57,5/31/2024
1126,Mgahinga,Lion,275,29.6,75,Wet,Yes,0.87,12/25/2024
1127,Murchison Falls,Leopard,183,23.3,63,Wet,No,0.81,4/20/2024
1128,Bwindi,Gorilla,380,34.4,30,Wet,Yes,0.91,4/17/2024
1129,Mgahinga,Hippo,498,31.8,26,Dry,No,0.86,6/2/2024
1130,Mgahinga,Hippo,487,32.4,11,Wet,No,0.71,8/30/2024
1131,Kidepo,Chimpanzee,220,24.6,270,Wet,No,0.84,4/9/2024
1132,Kibale,Chimpanzee,300,24.7,67,Wet,Yes,0.92,12/29/2024
1133,Kidepo,Buffalo,355,20.8,70,Wet,No,0.64,3/15/2024
1134,Queen Elizabeth,Lion,431,30.7,4,Wet,Yes,0.83,3/16/2024
1135,Bwindi,Buffalo,367,32.3,28,Dry,No,0.98,4/1/2024
1136,Murchison Falls,Elephant,283,29.1,222,Dry,No,0.62,3/1/2024
1137,Queen Elizabeth,Buffalo,270,23.1,88,Wet,Yes,0.88,11/28/2024
1138,Bwindi,Gorilla,343,29.1,188,Dry,Yes,0.56,3/3/2024
1139,Bwindi,Hippo,362,33.4,115,Dry,No,0.63,2/18/2024
1140,Mgahinga,Leopard,112,24.5,222,Wet,Yes,0.55,2/2/2024
1141,Kibale,Chimpanzee,427,27.1,207,Dry,No,0.77,10/1/2024
1142,Mgahinga,Chimpanzee,291,26.3,265,Dry,Yes,0.97,3/1/2024
1143,Queen Elizabeth,Chimpanzee,326,29.8,2,Wet,No,0.56,3/6/2024
1144,Lake Mburo,Lion,354,20.7,287,Wet,Yes,0.54,3/4/2024
1145,Lake Mburo,Gorilla,206,34.4,87,Wet,Yes,0.62,1/24/2024
1146,Lake Mburo,Chimpanzee,170,29.2,227,Dry,No,0.84,9/24/2024
1147,Kidepo,Leopard,295,26.7,50,Dry,Yes,0.52,3/13/2024
1148,Kidepo,Chimpanzee,446,21.7,68,Dry,No,0.64,11/14/2024
1149,Bwindi,Elephant,301,22.3,195,Dry,No,0.72,5/10/2024
1150,Kibale,Buffalo,375,20.4,104,Dry,No,0.99,12/22/2024
1151,Kibale,Lion,385,24.3,261,Dry,No,0.9,6/10/2024
1152,Mgahinga,Buffalo,214,18.4,126,Dry,No,0.56,2/26/2024
1153,Kibale,Leopard,228,19.1,45,Wet,No,0.88,3/15/2024
1154,Mgahinga,Chimpanzee,135,22.7,50,Wet,Yes,0.69,2/23/2024
1155,Mgahinga,Elephant,109,27,156,Wet,Yes,0.76,12/24/2024
1156,Lake Mburo,Chimpanzee,164,27.4,50,Dry,Yes,0.66,7/18/2024
1157,Queen Elizabeth,Gorilla,432,30.6,272,Wet,No,0.79,5/12/2024
1158,Murchison Falls,Hippo,282,30.1,64,Dry,No,0.78,5/16/2024
1159,Murchison Falls,Hippo,347,34.6,127,Wet,No,0.59,6/30/2024
1160,Mgahinga,Buffalo,277,22.9,219,Dry,No,0.81,2/14/2024
1161,Kidepo,Buffalo,414,23.3,46,Dry,Yes,0.86,2/17/2024
1162,Queen Elizabeth,Leopard,49,19.4,146,Wet,Yes,0.97,8/5/2024
1163,Kibale,Leopard,497,30.4,245,Wet,Yes,0.7,11/11/2024
1164,Queen Elizabeth,Chimpanzee,401,18.1,217,Wet,Yes,0.99,12/4/2024
1165,Mgahinga,Leopard,370,28.4,229,Dry,Yes,0.59,7/6/2024
1166,Mgahinga,Lion,283,24,26,Wet,No,0.69,7/10/2024
1167,Murchison Falls,Gorilla,487,29.5,276,Dry,No,0.65,5/30/2024
1168,Kidepo,Lion,21,30.5,291,Wet,Yes,0.95,11/25/2024
1169,Lake Mburo,Chimpanzee,477,18.6,237,Wet,Yes,0.67,11/11/2024
1170,Bwindi,Gorilla,172,24,2,Wet,Yes,0.7,1/5/2024
1171,Murchison Falls,Buffalo,271,21.4,270,Dry,No,0.56,9/6/2024
1172,Murchison Falls,Lion,413,29.2,115,Wet,No,0.68,7/5/2024
1173,Bwindi,Lion,294,31.8,55,Wet,No,0.58,6/30/2024
1174,Kibale,Buffalo,22,24.1,101,Dry,Yes,0.64,3/9/2024
1175,Bwindi,Buffalo,400,23.6,16,Dry,Yes,0.96,12/6/2024
1176,Kidepo,Elephant,235,26.3,253,Dry,No,0.87,7/23/2024
1177,Lake Mburo,Hippo,492,30.6,199,Dry,Yes,0.97,1/11/2024
1178,Queen Elizabeth,Lion,196,26.5,121,Dry,No,0.71,11/1/2024
1179,Kibale,Elephant,242,26.2,144,Wet,Yes,0.87,5/6/2024
1180,Lake Mburo,Lion,393,26.7,127,Wet,Yes,0.92,12/24/2024
1181,Queen Elizabeth,Hippo,440,25.3,242,Dry,Yes,0.59,10/29/2024
1182,Kibale,Hippo,96,21.9,67,Wet,Yes,0.63,4/8/2024
1183,Queen Elizabeth,Buffalo,29,28.5,46,Dry,No,0.7,6/5/2024
1184,Kibale,Hippo,138,21.8,218,Wet,Yes,0.75,11/25/2024
1185,Murchison Falls,Gorilla,76,22.6,143,Wet,No,0.62,1/25/2024
1186,Queen Elizabeth,Elephant,20,18.9,164,Dry,No,0.73,11/6/2024
1187,Murchison Falls,Buffalo,114,22.3,251,Wet,No,0.65,2/19/2024
1188,Kibale,Elephant,369,27.4,66,Wet,No,0.86,7/4/2024
1189,Kibale,Chimpanzee,321,27,190,Dry,No,0.6,7/15/2024
1190,Murchison Falls,Elephant,86,28.7,61,Dry,Yes,0.59,8/16/2024
1191,Murchison Falls,Elephant,299,28.5,154,Wet,Yes,0.76,3/19/2024
1192,Murchison Falls,Lion,118,25.1,129,Wet,No,0.72,3/1/2024
1193,Bwindi,Elephant,267,25.1,257,Dry,Yes,0.79,12/22/2024
1194,Queen Elizabeth,Gorilla,43,34.2,31,Dry,No,0.74,9/29/2024
1195,Mgahinga,Leopard,58,20.8,260,Wet,No,0.7,5/19/2024
1196,Queen Elizabeth,Lion,21,20.7,111,Dry,No,0.75,9/25/2024
1197,Kidepo,Gorilla,456,21.7,137,Dry,Yes,0.61,9/30/2024
1198,Queen Elizabeth,Gorilla,40,28.9,142,Dry,No,0.93,1/27/2024
1199,Kibale,Lion,441,21.6,59,Dry,No,0.81,7/7/2024
1200,Kidepo,Elephant,381,33,135,Dry,No,0.94,5/30/2024
1201,Kidepo,Elephant,340,31.9,182,Dry,No,0.59,1/9/2024
1202,Lake Mburo,Hippo,464,31.2,298,Dry,No,0.96,5/11/2024
1203,Mgahinga,Hippo,344,28.3,105,Wet,Yes,0.66,4/14/2024
1204,Lake Mburo,Hippo,433,32.6,202,Dry,No,0.61,8/10/2024
1205,Kidepo,Lion,481,26.1,253,Dry,No,0.59,3/31/2024
1206,Queen Elizabeth,Leopard,271,34,92,Wet,Yes,0.65,3/31/2024
1207,Mgahinga,Buffalo,371,28.3,35,Dry,Yes,0.71,8/20/2024
1208,Kibale,Buffalo,71,30.3,70,Dry,Yes,0.69,1/11/2024
1209,Murchison Falls,Chimpanzee,26,31,22,Dry,Yes,0.88,5/17/2024
1210,Queen Elizabeth,Hippo,327,18.2,4,Dry,No,0.92,2/13/2024
1211,Queen Elizabeth,Lion,265,30.9,227,Dry,No,0.66,3/20/2024
1212,Queen Elizabeth,Elephant,298,29.8,278,Dry,Yes,0.9,2/22/2024
1213,Lake Mburo,Gorilla,72,26.7,212,Dry,Yes,0.95,1/13/2024
1214,Queen Elizabeth,Buffalo,217,20.5,146,Dry,No,0.84,2/27/2024
1215,Bwindi,Lion,76,21.8,144,Wet,Yes,0.8,3/1/2024
1216,Kidepo,Elephant,478,18.7,77,Dry,No,0.76,11/3/2024
1217,Queen Elizabeth,Hippo,237,20.6,154,Wet,No,0.93,5/18/2024
1218,Bwindi,Hippo,208,33.9,39,Dry,Yes,0.88,3/16/2024
1219,Kidepo,Lion,219,25.6,244,Dry,Yes,0.78,5/22/2024
1220,Queen Elizabeth,Elephant,185,34.9,93,Wet,No,0.66,8/5/2024
1221,Bwindi,Hippo,231,28.2,170,Dry,Yes,0.69,10/8/2024
1222,Bwindi,Leopard,293,26.4,274,Dry,No,0.54,8/3/2024
1223,Lake Mburo,Leopard,417,29.8,112,Dry,Yes,0.68,4/14/2024
1224,Mgahinga,Elephant,205,27.5,68,Dry,Yes,0.95,7/3/2024
1225,Mgahinga,Chimpanzee,463,31.2,71,Wet,No,0.57,10/9/2024
1226,Bwindi,Lion,127,32.1,28,Dry,Yes,0.97,12/26/2024
1227,Queen Elizabeth,Buffalo,395,18.4,217,Wet,Yes,0.84,12/5/2024
1228,Lake Mburo,Elephant,264,32.2,80,Dry,Yes,0.68,2/10/2024
1229,Queen Elizabeth,Elephant,26,27.7,213,Dry,Yes,0.73,3/12/2024
1230,Kibale,Leopard,377,34.1,240,Wet,No,0.72,11/26/2024
1231,Kibale,Elephant,166,19.9,30,Dry,Yes,0.75,1/6/2024
1232,Bwindi,Chimpanzee,236,29.6,232,Wet,No,0.85,8/4/2024
1233,Queen Elizabeth,Gorilla,67,26.9,64,Dry,No,0.8,4/22/2024
1234,Bwindi,Lion,441,30.7,286,Dry,No,0.73,11/30/2024
1235,Kibale,Buffalo,443,24.5,27,Wet,No,0.6,2/25/2024
1236,Murchison Falls,Elephant,205,28.3,171,Dry,Yes,0.64,10/4/2024
1237,Murchison Falls,Elephant,128,28.2,158,Dry,Yes,0.81,1/17/2024
1238,Queen Elizabeth,Gorilla,63,34.6,289,Dry,No,0.52,6/10/2024
1239,Murchison Falls,Gorilla,24,34.7,144,Wet,Yes,0.65,7/19/2024
1240,Kibale,Gorilla,86,29.9,49,Wet,No,0.94,9/14/2024
1241,Murchison Falls,Leopard,433,31.2,12,Wet,No,0.79,1/20/2024
1242,Kidepo,Lion,97,29.6,40,Dry,Yes,0.93,12/14/2024
1243,Kibale,Lion,413,30.2,256,Wet,No,0.88,6/22/2024
1244,Kidepo,Gorilla,339,32.6,220,Dry,No,0.62,11/8/2024
1245,Lake Mburo,Elephant,98,27.6,254,Dry,Yes,0.57,6/7/2024
1246,Lake Mburo,Chimpanzee,428,31.3,44,Wet,Yes,0.72,3/27/2024
1247,Kidepo,Lion,54,22.8,186,Wet,Yes,0.53,12/29/2024
1248,Mgahinga,Buffalo,152,34.8,131,Wet,Yes,0.96,10/18/2024
1249,Bwindi,Elephant,206,32.6,205,Wet,Yes,0.72,9/19/2024
1250,Mgahinga,Leopard,180,24.4,211,Wet,No,0.93,12/15/2024
1251,Murchison Falls,Leopard,349,19,125,Dry,Yes,0.92,5/28/2024
1252,Bwindi,Lion,311,24.8,37,Dry,No,0.93,12/8/2024
1253,Murchison Falls,Gorilla,258,26,273,Wet,Yes,0.54,2/25/2024
1254,Bwindi,Chimpanzee,241,21.4,168,Dry,No,0.67,11/5/2024
1255,Bwindi,Lion,379,30.6,58,Wet,No,0.52,3/20/2024
1256,Bwindi,Lion,347,21.6,290,Dry,No,0.53,7/4/2024
1257,Mgahinga,Buffalo,262,21.6,108,Dry,No,0.63,11/21/2024
1258,Queen Elizabeth,Elephant,92,19.2,207,Dry,No,0.93,8/19/2024
1259,Mgahinga,Buffalo,288,21.6,132,Dry,Yes,0.55,8/7/2024
1260,Kidepo,Chimpanzee,172,20.8,178,Wet,No,0.73,12/18/2024
1261,Mgahinga,Lion,376,25.4,292,Wet,Yes,0.77,11/1/2024
1262,Queen Elizabeth,Elephant,390,29.4,74,Wet,No,0.51,8/22/2024
1263,Queen Elizabeth,Buffalo,462,23.4,208,Wet,Yes,0.98,3/5/2024
1264,Kibale,Buffalo,347,34.5,49,Dry,Yes,0.87,4/6/2024
1265,Bwindi,Hippo,299,31.2,193,Dry,No,0.6,4/7/2024
1266,Kibale,Leopard,27,24.3,186,Dry,No,0.94,9/14/2024
1267,Mgahinga,Chimpanzee,83,29.9,233,Wet,No,0.67,10/4/2024
1268,Bwindi,Leopard,411,23.7,90,Wet,No,0.68,10/10/2024
1269,Lake Mburo,Lion,297,25.4,145,Wet,No,0.84,2/20/2024
1270,Murchison Falls,Chimpanzee,448,19.8,8,Wet,Yes,0.74,11/15/2024
1271,Lake Mburo,Elephant,344,25.5,297,Dry,No,0.92,4/18/2024
1272,Queen Elizabeth,Chimpanzee,252,27.4,58,Dry,No,0.97,6/28/2024
1273,Mgahinga,Buffalo,231,33.4,202,Dry,No,0.88,9/16/2024
1274,Kidepo,Gorilla,470,29.2,157,Wet,Yes,0.5,7/31/2024
1275,Murchison Falls,Elephant,33,20.6,191,Wet,No,0.58,10/19/2024
1276,Bwindi,Lion,304,34.5,98,Wet,Yes,0.89,10/22/2024
1277,Bwindi,Lion,500,28.8,88,Wet,No,0.75,8/11/2024
1278,Queen Elizabeth,Elephant,383,31.6,258,Dry,No,0.91,11/17/2024
1279,Kidepo,Chimpanzee,303,20.7,165,Dry,Yes,0.55,8/11/2024
1280,Murchison Falls,Hippo,414,28.1,14,Dry,No,0.51,3/7/2024
1281,Bwindi,Hippo,343,31.2,95,Dry,Yes,0.65,10/1/2024
1282,Mgahinga,Lion,391,31.3,193,Wet,Yes,0.63,3/14/2024
1283,Kibale,Elephant,346,34.7,52,Dry,No,0.95,3/3/2024
1284,Murchison Falls,Lion,164,22.5,92,Dry,Yes,0.74,7/4/2024
1285,Mgahinga,Lion,220,19.7,11,Wet,Yes,0.74,11/16/2024
1286,Murchison Falls,Lion,371,25.1,160,Wet,Yes,0.59,1/6/2024
1287,Queen Elizabeth,Hippo,310,28.7,16,Dry,No,0.99,9/4/2024
1288,Lake Mburo,Leopard,299,18.1,267,Wet,Yes,0.59,1/16/2024
1289,Lake Mburo,Elephant,285,26.7,78,Dry,No,0.56,4/21/2024
1290,Murchison Falls,Gorilla,90,21.7,64,Wet,No,0.74,2/17/2024
1291,Kidepo,Hippo,302,29.1,239,Wet,No,0.75,7/23/2024
1292,Queen Elizabeth,Gorilla,108,21.4,143,Wet,Yes,0.79,10/27/2024
1293,Kidepo,Lion,426,21.5,249,Wet,No,0.71,5/19/2024
1294,Mgahinga,Gorilla,338,19.8,196,Wet,Yes,0.78,7/10/2024
1295,Kibale,Chimpanzee,52,25.6,17,Wet,No,0.64,11/26/2024
1296,Lake Mburo,Gorilla,223,18.5,92,Wet,No,0.89,7/2/2024
1297,Queen Elizabeth,Elephant,130,29.2,190,Dry,No,0.56,6/12/2024
1298,Kibale,Elephant,387,23.6,238,Wet,Yes,0.78,7/16/2024
1299,Kidepo,Leopard,128,27,52,Wet,Yes,0.78,11/26/2024
1300,Bwindi,Hippo,407,25.4,163,Dry,Yes,0.52,9/9/2024
1301,Bwindi,Elephant,160,25.2,63,Wet,Yes,0.79,10/29/2024
1302,Bwindi,Lion,315,18.4,9,Dry,No,0.64,7/25/2024
1303,Murchison Falls,Leopard,490,27,172,Dry,Yes,0.73,7/31/2024
1304,Kibale,Gorilla,160,23.4,177,Wet,Yes,0.77,6/9/2024
1305,Bwindi,Leopard,44,24.7,232,Wet,Yes,0.91,11/12/2024
1306,Murchison Falls,Elephant,134,18.8,5,Dry,Yes,0.99,12/18/2024
1307,Kibale,Buffalo,135,20.9,97,Wet,Yes,0.96,1/27/2024
1308,Kidepo,Chimpanzee,42,19.9,155,Dry,No,0.66,11/9/2024
1309,Mgahinga,Chimpanzee,214,22.6,87,Dry,No,0.56,6/12/2024
1310,Mgahinga,Lion,405,27.9,211,Wet,Yes,0.76,5/3/2024
1311,Lake Mburo,Buffalo,358,26.3,143,Wet,No,0.61,5/15/2024
1312,Mgahinga,Gorilla,384,19.4,285,Dry,Yes,0.84,2/8/2024
1313,Bwindi,Elephant,128,18.2,110,Wet,No,0.59,2/23/2024
1314,Kidepo,Lion,436,28,270,Wet,No,0.85,12/1/2024
1315,Queen Elizabeth,Chimpanzee,278,19.8,66,Dry,No,0.69,8/19/2024
1316,Mgahinga,Leopard,282,21.5,204,Dry,Yes,0.64,3/25/2024
1317,Kibale,Gorilla,465,27.8,52,Dry,No,0.93,2/26/2024
1318,Queen Elizabeth,Elephant,477,25.8,136,Dry,No,0.82,8/19/2024
1319,Kidepo,Gorilla,80,33.8,43,Wet,No,0.6,7/22/2024
1320,Lake Mburo,Buffalo,280,23.7,225,Wet,No,0.55,11/28/2024
1321,Bwindi,Hippo,495,25.2,150,Dry,No,0.59,5/21/2024
1322,Lake Mburo,Leopard,272,26.8,55,Dry,Yes,0.97,4/22/2024
1323,Murchison Falls,Elephant,478,18.6,136,Dry,Yes,0.76,5/21/2024
1324,Queen Elizabeth,Leopard,378,30.2,200,Wet,Yes,0.61,12/20/2024
1325,Kidepo,Buffalo,125,20.9,104,Wet,No,0.85,5/27/2024
1326,Kibale,Elephant,68,21.1,244,Wet,Yes,0.58,12/14/2024
1327,Murchison Falls,Lion,115,23.6,233,Dry,Yes,0.83,8/7/2024
1328,Kidepo,Elephant,110,34.6,39,Dry,Yes,0.79,8/30/2024
1329,Lake Mburo,Elephant,270,32.8,241,Dry,Yes,0.9,10/17/2024
1330,Kibale,Gorilla,447,21.9,257,Dry,Yes,0.88,2/21/2024
1331,Kidepo,Chimpanzee,396,23.7,251,Wet,No,0.83,5/9/2024
1332,Kidepo,Buffalo,26,32.1,154,Wet,No,0.56,12/17/2024
1333,Lake Mburo,Hippo,347,18.4,210,Dry,Yes,0.68,1/16/2024
1334,Queen Elizabeth,Leopard,399,29.8,220,Wet,Yes,0.86,4/9/2024
1335,Bwindi,Hippo,75,34.4,278,Wet,Yes,0.63,12/13/2024
1336,Kidepo,Gorilla,220,28,141,Wet,Yes,0.52,9/23/2024
1337,Kibale,Gorilla,447,28.4,221,Wet,No,0.64,1/5/2024
1338,Bwindi,Hippo,95,25.9,76,Wet,Yes,0.65,5/27/2024
1339,Murchison Falls,Chimpanzee,170,18.3,20,Dry,No,0.9,3/4/2024
1340,Murchison Falls,Buffalo,176,18.1,180,Dry,Yes,0.62,6/28/2024
1341,Kidepo,Chimpanzee,459,26.5,287,Dry,Yes,0.85,3/14/2024
1342,Kibale,Lion,241,27.9,41,Wet,Yes,0.52,6/30/2024
1343,Queen Elizabeth,Chimpanzee,367,28.8,216,Wet,Yes,0.94,6/3/2024
1344,Lake Mburo,Gorilla,108,27.6,165,Dry,Yes,0.62,8/1/2024
1345,Lake Mburo,Lion,174,23.2,152,Wet,Yes,0.68,8/11/2024
1346,Murchison Falls,Lion,289,25.5,160,Wet,No,0.67,8/26/2024
1347,Bwindi,Buffalo,256,18.5,286,Dry,No,0.54,3/12/2024
1348,Lake Mburo,Gorilla,422,22.1,262,Wet,Yes,0.8,10/16/2024
1349,Kidepo,Elephant,406,32.4,64,Wet,Yes,0.73,9/22/2024
1350,Bwindi,Chimpanzee,47,19.4,138,Dry,No,0.79,5/28/2024
1351,Lake Mburo,Buffalo,373,23.6,31,Dry,Yes,0.84,9/21/2024
1352,Queen Elizabeth,Leopard,399,34.4,69,Dry,Yes,0.65,6/8/2024
1353,Kibale,Elephant,432,26.2,102,Dry,Yes,0.5,11/5/2024
1354,Murchison Falls,Leopard,69,22.2,53,Wet,Yes,0.91,8/15/2024
1355,Bwindi,Elephant,494,20.1,207,Wet,Yes,0.9,10/6/2024
1356,Kidepo,Chimpanzee,333,29.6,63,Wet,Yes,0.81,4/4/2024
1357,Queen Elizabeth,Chimpanzee,401,29.2,87,Dry,No,0.74,5/28/2024
1358,Kibale,Elephant,321,26.4,140,Wet,No,0.84,2/24/2024
1359,Bwindi,Buffalo,436,25.2,14,Wet,No,0.56,7/18/2024
1360,Murchison Falls,Leopard,175,18.6,227,Dry,No,0.97,8/27/2024
1361,Kibale,Buffalo,161,18.2,81,Wet,Yes,0.67,12/27/2024
1362,Lake Mburo,Buffalo,282,19.1,77,Wet,No,0.73,3/12/2024
1363,Kidepo,Chimpanzee,410,29.2,201,Dry,No,0.68,8/29/2024
1364,Lake Mburo,Hippo,112,27.8,259,Wet,Yes,0.84,10/28/2024
1365,Lake Mburo,Gorilla,319,28.5,206,Dry,Yes,0.51,3/22/2024
1366,Queen Elizabeth,Elephant,360,19.8,243,Wet,Yes,0.98,5/1/2024
1367,Murchison Falls,Lion,392,33.2,215,Dry,Yes,0.8,2/28/2024
1368,Murchison Falls,Chimpanzee,403,19.2,191,Dry,Yes,0.66,12/23/2024
1369,Bwindi,Buffalo,88,34.8,293,Dry,Yes,0.62,8/12/2024
1370,Kibale,Gorilla,135,21.4,82,Wet,Yes,0.54,1/13/2024
1371,Kibale,Hippo,69,21.5,71,Dry,No,0.88,10/17/2024
1372,Lake Mburo,Chimpanzee,56,23.8,270,Wet,Yes,0.91,10/19/2024
1373,Mgahinga,Buffalo,276,24,286,Dry,Yes,0.72,11/16/2024
1374,Bwindi,Chimpanzee,56,27.7,65,Wet,Yes,0.56,4/28/2024
1375,Murchison Falls,Leopard,296,23.6,114,Wet,No,0.69,7/2/2024
1376,Murchison Falls,Chimpanzee,466,20.7,147,Dry,Yes,0.92,11/8/2024
1377,Lake Mburo,Gorilla,224,28.5,279,Dry,No,0.96,5/14/2024
1378,Kibale,Elephant,36,23.7,133,Dry,No,0.94,1/31/2024
1379,Queen Elizabeth,Lion,300,31.9,168,Dry,Yes,0.74,10/15/2024
1380,Lake Mburo,Hippo,447,31,18,Wet,Yes,0.97,11/2/2024
1381,Kibale,Leopard,495,19.4,282,Wet,Yes,0.63,1/22/2024
1382,Murchison Falls,Elephant,274,26.6,179,Wet,No,0.65,4/26/2024
1383,Murchison Falls,Elephant,33,31.2,100,Wet,Yes,0.77,1/27/2024
1384,Bwindi,Chimpanzee,213,29.8,220,Wet,Yes,0.56,3/1/2024
1385,Lake Mburo,Gorilla,200,21.3,223,Dry,Yes,0.61,10/28/2024
1386,Murchison Falls,Lion,231,30.7,274,Dry,Yes,0.93,5/7/2024
1387,Mgahinga,Elephant,59,19,224,Dry,No,0.52,6/28/2024
1388,Lake Mburo,Hippo,475,22.2,149,Dry,No,0.73,3/3/2024
1389,Kibale,Elephant,59,22.3,278,Dry,No,0.85,7/1/2024
1390,Mgahinga,Lion,247,30.1,187,Wet,Yes,0.76,5/16/2024
1391,Kidepo,Hippo,297,26.6,27,Wet,No,0.85,11/14/2024
1392,Bwindi,Gorilla,60,21.5,70,Dry,No,0.86,4/17/2024
1393,Murchison Falls,Gorilla,391,31.9,72,Dry,Yes,0.84,11/28/2024
1394,Mgahinga,Buffalo,78,18.4,17,Wet,No,0.79,6/2/2024
1395,Mgahinga,Elephant,50,22.7,196,Wet,Yes,0.92,7/15/2024
1396,Bwindi,Elephant,134,21.5,94,Wet,Yes,0.82,1/17/2024
1397,Lake Mburo,Chimpanzee,198,33.9,172,Wet,Yes,0.87,6/23/2024
1398,Kibale,Chimpanzee,338,25.4,218,Dry,Yes,0.77,12/13/2024
1399,Kidepo,Chimpanzee,500,27.1,217,Wet,Yes,0.97,8/27/2024
1400,Kibale,Lion,87,33.4,143,Wet,Yes,0.99,10/4/2024
1401,Kidepo,Gorilla,312,24.7,140,Wet,No,0.82,11/30/2024
1402,Mgahinga,Chimpanzee,331,18.2,157,Wet,No,0.92,8/15/2024
1403,Bwindi,Elephant,245,18.2,18,Wet,No,0.81,10/11/2024
1404,Queen Elizabeth,Buffalo,49,27.9,40,Wet,No,0.97,8/13/2024
1405,Queen Elizabeth,Gorilla,412,31.4,132,Wet,Yes,0.61,3/30/2024
1406,Queen Elizabeth,Chimpanzee,336,29.2,119,Dry,Yes,0.59,9/16/2024
1407,Mgahinga,Buffalo,316,23.4,283,Dry,Yes,0.97,5/12/2024
1408,Kidepo,Elephant,367,32.4,180,Dry,Yes,0.67,2/9/2024
1409,Lake Mburo,Buffalo,77,26.7,121,Dry,No,0.78,12/14/2024
1410,Bwindi,Elephant,348,25.3,144,Dry,Yes,0.66,7/3/2024
1411,Kidepo,Buffalo,479,29.1,240,Wet,Yes,0.58,1/23/2024
1412,Kidepo,Lion,486,28.1,54,Dry,No,0.75,9/17/2024
1413,Mgahinga,Leopard,384,23.8,110,Wet,Yes,0.82,3/17/2024
1414,Bwindi,Chimpanzee,352,19.3,39,Dry,No,0.76,3/3/2024
1415,Mgahinga,Leopard,428,18.9,241,Wet,No,0.63,10/21/2024
1416,Kidepo,Lion,188,22.1,185,Dry,No,0.65,2/29/2024
1417,Kibale,Lion,247,30.5,209,Wet,Yes,0.67,9/15/2024
1418,Murchison Falls,Gorilla,354,26.2,117,Wet,No,0.61,3/5/2024
1419,Lake Mburo,Lion,417,33.5,299,Dry,No,0.89,6/23/2024
1420,Kidepo,Elephant,61,24.9,258,Dry,No,0.81,4/11/2024
1421,Queen Elizabeth,Buffalo,27,20.8,214,Wet,No,0.86,3/5/2024
1422,Mgahinga,Elephant,446,25.3,85,Dry,Yes,0.75,9/28/2024
1423,Bwindi,Buffalo,201,20.2,285,Dry,No,0.56,6/21/2024
1424,Lake Mburo,Leopard,335,19.8,23,Dry,No,0.97,7/28/2024
1425,Kibale,Buffalo,399,32.2,148,Wet,Yes,0.86,10/28/2024
1426,Mgahinga,Leopard,62,20.6,3,Wet,No,0.69,8/12/2024
1427,Queen Elizabeth,Leopard,389,28,49,Dry,No,0.74,1/25/2024
1428,Lake Mburo,Leopard,479,26.9,260,Wet,No,0.66,6/12/2024
1429,Mgahinga,Lion,93,18.7,107,Wet,No,0.78,11/11/2024
1430,Kidepo,Elephant,197,22.8,60,Wet,No,0.74,4/24/2024
1431,Queen Elizabeth,Gorilla,500,33.6,54,Dry,No,0.57,4/15/2024
1432,Lake Mburo,Chimpanzee,280,30.8,14,Dry,Yes,0.5,1/14/2024
1433,Kidepo,Lion,164,34,292,Wet,No,0.76,8/20/2024
1434,Kidepo,Elephant,386,30,61,Wet,No,0.74,2/14/2024
1435,Mgahinga,Lion,162,30.4,59,Wet,Yes,0.86,4/23/2024
1436,Kibale,Elephant,187,20.7,171,Wet,No,0.81,9/19/2024
1437,Kibale,Chimpanzee,57,30,161,Dry,No,0.55,12/27/2024
1438,Mgahinga,Leopard,182,21.2,285,Dry,Yes,0.62,10/27/2024
1439,Bwindi,Chimpanzee,132,29.4,135,Wet,Yes,0.74,4/5/2024
1440,Kibale,Buffalo,164,20.2,45,Dry,Yes,0.71,9/8/2024
1441,Lake Mburo,Leopard,126,30.1,19,Wet,No,0.8,11/19/2024
1442,Lake Mburo,Lion,346,23.9,271,Dry,No,0.91,5/29/2024
1443,Kibale,Buffalo,270,31.5,200,Wet,No,0.64,4/22/2024
1444,Murchison Falls,Chimpanzee,411,22.9,228,Wet,Yes,0.82,2/29/2024
1445,Queen Elizabeth,Buffalo,183,29.2,177,Wet,Yes,0.88,9/4/2024
1446,Mgahinga,Chimpanzee,462,26.3,210,Dry,Yes,0.64,9/16/2024
1447,Queen Elizabeth,Chimpanzee,420,25,287,Wet,No,0.83,7/29/2024
1448,Bwindi,Chimpanzee,246,25.2,133,Dry,No,0.74,4/22/2024
1449,Kidepo,Hippo,439,18.8,229,Wet,Yes,0.78,3/26/2024
1450,Lake Mburo,Lion,419,28.6,168,Dry,Yes,0.97,1/11/2024
1451,Mgahinga,Buffalo,66,31.3,170,Wet,Yes,0.82,9/22/2024
1452,Queen Elizabeth,Gorilla,294,21.4,80,Wet,Yes,0.64,3/23/2024
1453,Kidepo,Gorilla,231,21.7,127,Dry,Yes,0.91,9/26/2024
1454,Murchison Falls,Leopard,223,31.5,21,Dry,No,0.65,4/27/2024
1455,Kibale,Chimpanzee,372,22.2,139,Dry,No,0.82,3/8/2024
1456,Mgahinga,Hippo,468,22.6,43,Dry,Yes,0.75,12/26/2024
1457,Mgahinga,Hippo,232,18.3,277,Dry,Yes,0.86,7/19/2024
1458,Queen Elizabeth,Chimpanzee,330,32.6,165,Wet,Yes,0.65,8/22/2024
1459,Queen Elizabeth,Elephant,155,34.5,295,Wet,No,0.64,2/17/2024
1460,Queen Elizabeth,Buffalo,307,22.7,145,Dry,No,0.51,9/11/2024
1461,Kibale,Buffalo,210,31,55,Wet,Yes,0.78,1/13/2024
1462,Bwindi,Chimpanzee,138,25.6,244,Dry,No,0.66,11/18/2024
1463,Murchison Falls,Elephant,307,20.9,250,Dry,Yes,0.57,11/11/2024
1464,Mgahinga,Buffalo,287,30.3,290,Dry,Yes,0.88,5/9/2024
1465,Bwindi,Gorilla,399,23.7,77,Dry,No,0.84,11/2/2024
1466,Bwindi,Chimpanzee,22,22.6,107,Wet,No,0.65,11/29/2024
1467,Queen Elizabeth,Gorilla,256,30.1,263,Dry,Yes,0.71,2/9/2024
1468,Bwindi,Lion,407,18.2,266,Dry,Yes,0.6,2/28/2024
1469,Murchison Falls,Buffalo,273,20.9,268,Wet,Yes,0.87,10/7/2024
1470,Bwindi,Buffalo,24,23,222,Wet,No,0.76,11/10/2024
1471,Kidepo,Leopard,352,20.8,148,Dry,No,0.75,5/8/2024
1472,Bwindi,Buffalo,127,33.9,69,Dry,No,0.5,8/1/2024
1473,Queen Elizabeth,Lion,260,19.1,2,Wet,Yes,0.6,2/18/2024
1474,Lake Mburo,Buffalo,189,19.6,239,Dry,Yes,0.67,10/13/2024
1475,Queen Elizabeth,Gorilla,341,18.2,98,Wet,No,0.9,8/6/2024
1476,Lake Mburo,Hippo,176,24.2,206,Wet,Yes,0.54,3/19/2024
1477,Murchison Falls,Hippo,130,22.8,134,Dry,Yes,0.89,10/27/2024
1478,Kibale,Chimpanzee,216,23.6,141,Wet,Yes,0.58,4/28/2024
1479,Queen Elizabeth,Elephant,495,31.7,75,Dry,Yes,0.73,1/1/2024
1480,Kidepo,Elephant,478,34.5,70,Wet,No,0.83,6/16/2024
1481,Kidepo,Leopard,409,20,286,Wet,No,0.88,12/27/2024
1482,Bwindi,Gorilla,179,32.3,162,Dry,Yes,0.97,11/20/2024
1483,Mgahinga,Gorilla,384,20.4,223,Wet,No,0.84,5/8/2024
1484,Kibale,Elephant,305,33.3,178,Dry,Yes,0.92,8/26/2024
1485,Mgahinga,Hippo,197,30.4,109,Dry,No,0.68,1/6/2024
1486,Queen Elizabeth,Buffalo,204,26.9,2,Wet,No,0.55,7/7/2024
1487,Kidepo,Leopard,491,18.2,139,Dry,No,0.81,7/22/2024
1488,Murchison Falls,Hippo,380,22.3,29,Dry,No,0.99,11/19/2024
1489,Bwindi,Buffalo,108,26,279,Dry,Yes,0.68,11/9/2024
1490,Kibale,Lion,381,30.5,67,Dry,No,0.91,3/2/2024
1491,Murchison Falls,Buffalo,346,30.1,160,Dry,No,0.98,4/9/2024
1492,Kibale,Leopard,397,18.3,162,Dry,No,0.75,12/6/2024
1493,Bwindi,Buffalo,448,29.4,31,Dry,Yes,0.9,9/13/2024
303,Kidepo,Leopard,413,28.4,203,Wet,Yes,0.81,8/18/2024
1493,Bwindi,Buffalo,448,29.4,31,Dry,Yes,0.9,9/13/2024
547,Bwindi,Leopard,322,19.2,193,Wet,Yes,0.55,4/13/2024
172,Kibale,Chimpanzee,457,19.5,259,Wet,No,0.78,1/22/2024
354,Murchison Falls,Elephant,129,26.1,67,Dry,No,0.5,12/22/2024
909,Murchison Falls,Buffalo,202,34.8,287,Wet,No,0.74,3/16/2024
92,Kidepo,Chimpanzee,321,34.8,156,Dry,Yes,0.96,4/16/2024
